coverage_id,feature_group,repo_inventory_reference,original_packet_reference,source_wording,wording_custody,required_scenario_a,required_scenario_b,candidate_gallery_ids,coverage_status,two_meaningful_demos_verified,native_proof,motion_proof
v2:AUTH-001,authority,Concepts/chat-assistant-concepts/5.6 Pro/reports/REDESIGN_TRACEABILITY.json#AUTH-001,PM_Assistant_v2_Additive_Correction_v4/reference/V2_REQUIREMENTS_SNAPSHOT.json#AUTH-001,Packet decisions supersede conflicting Chat updates and older Plans; non-conflicting Chat updates remain mandatory.,mirrored_exact_v2_statement,Compare source and generated outputs,Separate concept checks from runtime certification,—,FULL_CLAUSE_OUTCOME_PROOF_OPEN,False,False,False
v2:AUTH-002,authority,Concepts/chat-assistant-concepts/5.6 Pro/reports/REDESIGN_TRACEABILITY.json#AUTH-002,PM_Assistant_v2_Additive_Correction_v4/reference/V2_REQUIREMENTS_SNAPSHOT.json#AUTH-002,The current 5.6 Pro concept is modified in place rather than replaced.,mirrored_exact_v2_statement,Compare source and generated outputs,Separate concept checks from runtime certification,—,FULL_CLAUSE_OUTCOME_PROOF_OPEN,False,False,False
v2:AUTH-003,authority,Concepts/chat-assistant-concepts/5.6 Pro/reports/REDESIGN_TRACEABILITY.json#AUTH-003,PM_Assistant_v2_Additive_Correction_v4/reference/V2_REQUIREMENTS_SNAPSHOT.json#AUTH-003,Generated index.html and standalone HTML are never hand-edited.,mirrored_exact_v2_statement,Compare source and generated outputs,Separate concept checks from runtime certification,—,FULL_CLAUSE_OUTCOME_PROOF_OPEN,False,False,False
v2:AUTH-004,authority,Concepts/chat-assistant-concepts/5.6 Pro/reports/REDESIGN_TRACEABILITY.json#AUTH-004,PM_Assistant_v2_Additive_Correction_v4/reference/V2_REQUIREMENTS_SNAPSHOT.json#AUTH-004,"Canonical, concept, and native readiness are reported independently.",mirrored_exact_v2_statement,Compare source and generated outputs,Separate concept checks from runtime certification,—,FULL_CLAUSE_OUTCOME_PROOF_OPEN,False,False,False
v2:AUTH-005,authority,Concepts/chat-assistant-concepts/5.6 Pro/reports/REDESIGN_TRACEABILITY.json#AUTH-005,PM_Assistant_v2_Additive_Correction_v4/reference/V2_REQUIREMENTS_SNAPSHOT.json#AUTH-005,Accessibility expansion is outside this scope.,mirrored_exact_v2_statement,Compare source and generated outputs,Separate concept checks from runtime certification,—,FULL_CLAUSE_OUTCOME_PROOF_OPEN,False,False,False
v2:COMPOSER-001,composer,Concepts/chat-assistant-concepts/5.6 Pro/reports/REDESIGN_TRACEABILITY.json#COMPOSER-001,PM_Assistant_v2_Additive_Correction_v4/reference/V2_REQUIREMENTS_SNAPSHOT.json#COMPOSER-001,Each temporary or durable thread has one invisibly persisted ComposerBuffer.,mirrored_exact_v2_statement,Switch threads with unsent content,Retarget without losing attachments,"G102,G109,G120,G121",FULL_CLAUSE_OUTCOME_PROOF_OPEN,False,False,False
v2:COMPOSER-002,composer,Concepts/chat-assistant-concepts/5.6 Pro/reports/REDESIGN_TRACEABILITY.json#COMPOSER-002,PM_Assistant_v2_Additive_Correction_v4/reference/V2_REQUIREMENTS_SNAPSHOT.json#COMPOSER-002,"Unsent text survives thread switches, restart, and crash without a Draft UI.",mirrored_exact_v2_statement,Switch threads with unsent content,Retarget without losing attachments,"G102,G109,G120,G121",FULL_CLAUSE_OUTCOME_PROOF_OPEN,False,False,False
v2:COMPOSER-003,composer,Concepts/chat-assistant-concepts/5.6 Pro/reports/REDESIGN_TRACEABILITY.json#COMPOSER-003,PM_Assistant_v2_Additive_Correction_v4/reference/V2_REQUIREMENTS_SNAPSHOT.json#COMPOSER-003,Attachments and browser context persist independently of text.,mirrored_exact_v2_statement,Switch threads with unsent content,Retarget without losing attachments,"G102,G109,G120,G121",FULL_CLAUSE_OUTCOME_PROOF_OPEN,False,False,False
v2:COMPOSER-004,composer,Concepts/chat-assistant-concepts/5.6 Pro/reports/REDESIGN_TRACEABILITY.json#COMPOSER-004,PM_Assistant_v2_Additive_Correction_v4/reference/V2_REQUIREMENTS_SNAPSHOT.json#COMPOSER-004,The buffer clears only after durable message admission.,mirrored_exact_v2_statement,Switch threads with unsent content,Retarget without losing attachments,"G102,G109,G120,G121",FULL_CLAUSE_OUTCOME_PROOF_OPEN,False,False,False
v2:COMPOSER-005,composer,Concepts/chat-assistant-concepts/5.6 Pro/reports/REDESIGN_TRACEABILITY.json#COMPOSER-005,PM_Assistant_v2_Additive_Correction_v4/reference/V2_REQUIREMENTS_SNAPSHOT.json#COMPOSER-005,Up/Down history activates only when text is empty and no conflicting pending context exists.,mirrored_exact_v2_statement,Switch threads with unsent content,Retarget without losing attachments,"G102,G109,G120,G121",FULL_CLAUSE_OUTCOME_PROOF_OPEN,False,False,False
v2:COMPOSER-006,composer,Concepts/chat-assistant-concepts/5.6 Pro/reports/REDESIGN_TRACEABILITY.json#COMPOSER-006,PM_Assistant_v2_Additive_Correction_v4/reference/V2_REQUIREMENTS_SNAPSHOT.json#COMPOSER-006,Input history uses prior sent user text from the same thread and does not silently reattach files.,mirrored_exact_v2_statement,Switch threads with unsent content,Retarget without losing attachments,"G102,G109,G120,G121",FULL_CLAUSE_OUTCOME_PROOF_OPEN,False,False,False
v2:COMPOSER-007,composer,Concepts/chat-assistant-concepts/5.6 Pro/reports/REDESIGN_TRACEABILITY.json#COMPOSER-007,PM_Assistant_v2_Additive_Correction_v4/reference/V2_REQUIREMENTS_SNAPSHOT.json#COMPOSER-007,Workflow Message actions target the ordinary composer rather than creating secondary input boxes.,mirrored_exact_v2_statement,Switch threads with unsent content,Retarget without losing attachments,"G102,G109,G120,G121",FULL_CLAUSE_OUTCOME_PROOF_OPEN,False,False,False
v2:COMPOSER-008,composer,Concepts/chat-assistant-concepts/5.6 Pro/reports/REDESIGN_TRACEABILITY.json#COMPOSER-008,PM_Assistant_v2_Additive_Correction_v4/reference/V2_REQUIREMENTS_SNAPSHOT.json#COMPOSER-008,"Targeted composer chrome includes a destination ribbon, distinct theme-aware treatment, glyph, and placeholder.",mirrored_exact_v2_statement,Switch threads with unsent content,Retarget without losing attachments,"G102,G109,G120,G121",FULL_CLAUSE_OUTCOME_PROOF_OPEN,False,False,False
v2:COMPOSER-009,composer,Concepts/chat-assistant-concepts/5.6 Pro/reports/REDESIGN_TRACEABILITY.json#COMPOSER-009,PM_Assistant_v2_Additive_Correction_v4/reference/V2_REQUIREMENTS_SNAPSHOT.json#COMPOSER-009,Changing/clearing destination preserves text and attachments.,mirrored_exact_v2_statement,Switch threads with unsent content,Retarget without losing attachments,"G102,G109,G120,G121",FULL_CLAUSE_OUTCOME_PROOF_OPEN,False,False,False
v2:COMPOSER-010,composer,Concepts/chat-assistant-concepts/5.6 Pro/reports/REDESIGN_TRACEABILITY.json#COMPOSER-010,PM_Assistant_v2_Additive_Correction_v4/reference/V2_REQUIREMENTS_SNAPSHOT.json#COMPOSER-010,An ended target cannot silently redirect non-empty composer content.,mirrored_exact_v2_statement,Switch threads with unsent content,Retarget without losing attachments,"G102,G109,G120,G121",FULL_CLAUSE_OUTCOME_PROOF_OPEN,False,False,False
v2:COMPOSER-011,composer,Concepts/chat-assistant-concepts/5.6 Pro/reports/REDESIGN_TRACEABILITY.json#COMPOSER-011,PM_Assistant_v2_Additive_Correction_v4/reference/V2_REQUIREMENTS_SNAPSHOT.json#COMPOSER-011,"Primary-agent follow-up queue semantics remain max two, FIFO, Edit, Send Now, and Stop does not auto-send.",mirrored_exact_v2_statement,Switch threads with unsent content,Retarget without losing attachments,"G102,G109,G120,G121",FULL_CLAUSE_OUTCOME_PROOF_OPEN,False,False,False
v2:ATT-001,attachments,Concepts/chat-assistant-concepts/5.6 Pro/reports/REDESIGN_TRACEABILITY.json#ATT-001,PM_Assistant_v2_Additive_Correction_v4/reference/V2_REQUIREMENTS_SNAPSHOT.json#ATT-001,Attach icon remains bottom-left inside text entry and attachment tray appears above text entry.,mirrored_exact_v2_statement,Add and preview exact file version,Retry failed attachment without losing siblings/text,"G122,G123",FULL_CLAUSE_OUTCOME_PROOF_OPEN,False,False,False
v2:ATT-002,attachments,Concepts/chat-assistant-concepts/5.6 Pro/reports/REDESIGN_TRACEABILITY.json#ATT-002,PM_Assistant_v2_Additive_Correction_v4/reference/V2_REQUIREMENTS_SNAPSHOT.json#ATT-002,"Attachment origins distinguish uploaded snapshots, live project refs, frozen refs, generated artifacts, external refs, clipboard, browser captures, source-control objects, and folders.",mirrored_exact_v2_statement,Add and preview exact file version,Retry failed attachment without losing siblings/text,"G122,G123",FULL_CLAUSE_OUTCOME_PROOF_OPEN,False,False,False
v2:ATT-003,attachments,Concepts/chat-assistant-concepts/5.6 Pro/reports/REDESIGN_TRACEABILITY.json#ATT-003,PM_Assistant_v2_Additive_Correction_v4/reference/V2_REQUIREMENTS_SNAPSHOT.json#ATT-003,Composer thumbnails show a top-edge tracer for processing rather than a conventional progress bar.,mirrored_exact_v2_statement,Add and preview exact file version,Retry failed attachment without losing siblings/text,"G122,G123",FULL_CLAUSE_OUTCOME_PROOF_OPEN,False,False,False
v2:ATT-004,attachments,Concepts/chat-assistant-concepts/5.6 Pro/reports/REDESIGN_TRACEABILITY.json#ATT-004,PM_Assistant_v2_Additive_Correction_v4/reference/V2_REQUIREMENTS_SNAPSHOT.json#ATT-004,Hover reveals an X in the thumbnail top-right; body click opens/preview when supported.,mirrored_exact_v2_statement,Add and preview exact file version,Retry failed attachment without losing siblings/text,"G122,G123",FULL_CLAUSE_OUTCOME_PROOF_OPEN,False,False,False
v2:ATT-005,attachments,Concepts/chat-assistant-concepts/5.6 Pro/reports/REDESIGN_TRACEABILITY.json#ATT-005,PM_Assistant_v2_Additive_Correction_v4/reference/V2_REQUIREMENTS_SNAPSHOT.json#ATT-005,"Type, size, source, state, Open, Download and Details are hover-gated rather than permanent transcript text.",mirrored_exact_v2_statement,Add and preview exact file version,Retry failed attachment without losing siblings/text,"G122,G123",FULL_CLAUSE_OUTCOME_PROOF_OPEN,False,False,False
v2:ATT-006,attachments,Concepts/chat-assistant-concepts/5.6 Pro/reports/REDESIGN_TRACEABILITY.json#ATT-006,PM_Assistant_v2_Additive_Correction_v4/reference/V2_REQUIREMENTS_SNAPSHOT.json#ATT-006,Failed processing retains text and sibling attachments and supports Retry/Remove.,mirrored_exact_v2_statement,Add and preview exact file version,Retry failed attachment without losing siblings/text,"G122,G123",FULL_CLAUSE_OUTCOME_PROOF_OPEN,False,False,False
v2:ATT-007,attachments,Concepts/chat-assistant-concepts/5.6 Pro/reports/REDESIGN_TRACEABILITY.json#ATT-007,PM_Assistant_v2_Additive_Correction_v4/reference/V2_REQUIREMENTS_SNAPSHOT.json#ATT-007,Project live references retain the exact revision/hash materialized for each model turn.,mirrored_exact_v2_statement,Add and preview exact file version,Retry failed attachment without losing siblings/text,"G122,G123",FULL_CLAUSE_OUTCOME_PROOF_OPEN,False,False,False
v2:ATT-008,attachments,Concepts/chat-assistant-concepts/5.6 Pro/reports/REDESIGN_TRACEABILITY.json#ATT-008,PM_Assistant_v2_Additive_Correction_v4/reference/V2_REQUIREMENTS_SNAPSHOT.json#ATT-008,Changed-since-message disclosure does not mutate historical truth.,mirrored_exact_v2_statement,Add and preview exact file version,Retry failed attachment without losing siblings/text,"G122,G123",FULL_CLAUSE_OUTCOME_PROOF_OPEN,False,False,False
v2:ATT-009,attachments,Concepts/chat-assistant-concepts/5.6 Pro/reports/REDESIGN_TRACEABILITY.json#ATT-009,PM_Assistant_v2_Additive_Correction_v4/reference/V2_REQUIREMENTS_SNAPSHOT.json#ATT-009,Download returns the exact stored referenced version and never regenerates silently.,mirrored_exact_v2_statement,Add and preview exact file version,Retry failed attachment without losing siblings/text,"G122,G123",FULL_CLAUSE_OUTCOME_PROOF_OPEN,False,False,False
v2:ATT-010,attachments,Concepts/chat-assistant-concepts/5.6 Pro/reports/REDESIGN_TRACEABILITY.json#ATT-010,PM_Assistant_v2_Additive_Correction_v4/reference/V2_REQUIREMENTS_SNAPSHOT.json#ATT-010,Folders use bounded manifests rather than uncontrolled recursive context dumps.,mirrored_exact_v2_statement,Add and preview exact file version,Retry failed attachment without losing siblings/text,"G122,G123",FULL_CLAUSE_OUTCOME_PROOF_OPEN,False,False,False
v2:ATT-011,attachments,Concepts/chat-assistant-concepts/5.6 Pro/reports/REDESIGN_TRACEABILITY.json#ATT-011,PM_Assistant_v2_Additive_Correction_v4/reference/V2_REQUIREMENTS_SNAPSHOT.json#ATT-011,"More Info includes producer, related message/workflows, version, hash, trust/freshness, retention, export history and materialization truth.",mirrored_exact_v2_statement,Add and preview exact file version,Retry failed attachment without losing siblings/text,"G122,G123",FULL_CLAUSE_OUTCOME_PROOF_OPEN,False,False,False
v2:ATT-012,attachments,Concepts/chat-assistant-concepts/5.6 Pro/reports/REDESIGN_TRACEABILITY.json#ATT-012,PM_Assistant_v2_Additive_Correction_v4/reference/V2_REQUIREMENTS_SNAPSHOT.json#ATT-012,Visibility in history does not imply inclusion in future prompts; materialization status is recorded per run.,mirrored_exact_v2_statement,Add and preview exact file version,Retry failed attachment without losing siblings/text,"G122,G123",FULL_CLAUSE_OUTCOME_PROOF_OPEN,False,False,False
v2:ATT-013,attachments,Concepts/chat-assistant-concepts/5.6 Pro/reports/REDESIGN_TRACEABILITY.json#ATT-013,PM_Assistant_v2_Additive_Correction_v4/reference/V2_REQUIREMENTS_SNAPSHOT.json#ATT-013,"Deletion cannot purge an artifact still referenced by another message, Plan, Goal, workflow, evidence or hold.",mirrored_exact_v2_statement,Add and preview exact file version,Retry failed attachment without losing siblings/text,"G122,G123",FULL_CLAUSE_OUTCOME_PROOF_OPEN,False,False,False
v2:ATT-014,attachments,Concepts/chat-assistant-concepts/5.6 Pro/reports/REDESIGN_TRACEABILITY.json#ATT-014,PM_Assistant_v2_Additive_Correction_v4/reference/V2_REQUIREMENTS_SNAPSHOT.json#ATT-014,Assistant Chat reuses File Manager/FileSafe/Artifact owners and does not create a second transfer/artifact store.,mirrored_exact_v2_statement,Add and preview exact file version,Retry failed attachment without losing siblings/text,"G122,G123",FULL_CLAUSE_OUTCOME_PROOF_OPEN,False,False,False
v2:TITLE-001,title-spellcheck,Concepts/chat-assistant-concepts/5.6 Pro/reports/REDESIGN_TRACEABILITY.json#TITLE-001,PM_Assistant_v2_Additive_Correction_v4/reference/V2_REQUIREMENTS_SNAPSHOT.json#TITLE-001,"Thread title setting offers Default, None, or an explicit currently available model.",mirrored_exact_v2_statement,Manual rename races pending generated title,Passive prose correction with identifier exclusions,G032,FULL_CLAUSE_OUTCOME_PROOF_OPEN,False,False,False
v2:TITLE-002,title-spellcheck,Concepts/chat-assistant-concepts/5.6 Pro/reports/REDESIGN_TRACEABILITY.json#TITLE-002,PM_Assistant_v2_Additive_Correction_v4/reference/V2_REQUIREMENTS_SNAPSHOT.json#TITLE-002,"Default title resolver is deterministic and prioritizes eligible local/included, low-pressure, low-latency routes.",mirrored_exact_v2_statement,Manual rename races pending generated title,Passive prose correction with identifier exclusions,G032,FULL_CLAUSE_OUTCOME_PROOF_OPEN,False,False,False
v2:TITLE-003,title-spellcheck,Concepts/chat-assistant-concepts/5.6 Pro/reports/REDESIGN_TRACEABILITY.json#TITLE-003,PM_Assistant_v2_Additive_Correction_v4/reference/V2_REQUIREMENTS_SNAPSHOT.json#TITLE-003,Explicit title model has no silent fallback when unavailable.,mirrored_exact_v2_statement,Manual rename races pending generated title,Passive prose correction with identifier exclusions,G032,FULL_CLAUSE_OUTCOME_PROOF_OPEN,False,False,False
v2:TITLE-004,title-spellcheck,Concepts/chat-assistant-concepts/5.6 Pro/reports/REDESIGN_TRACEABILITY.json#TITLE-004,PM_Assistant_v2_Additive_Correction_v4/reference/V2_REQUIREMENTS_SNAPSHOT.json#TITLE-004,"Title input is a bounded safe excerpt plus safe attachment labels, never attachment bodies or secrets.",mirrored_exact_v2_statement,Manual rename races pending generated title,Passive prose correction with identifier exclusions,G032,FULL_CLAUSE_OUTCOME_PROOF_OPEN,False,False,False
v2:TITLE-005,title-spellcheck,Concepts/chat-assistant-concepts/5.6 Pro/reports/REDESIGN_TRACEABILITY.json#TITLE-005,PM_Assistant_v2_Additive_Correction_v4/reference/V2_REQUIREMENTS_SNAPSHOT.json#TITLE-005,Manual rename locks automatic title updates until explicit Regenerate Title.,mirrored_exact_v2_statement,Manual rename races pending generated title,Passive prose correction with identifier exclusions,G032,FULL_CLAUSE_OUTCOME_PROOF_OPEN,False,False,False
v2:TITLE-006,title-spellcheck,Concepts/chat-assistant-concepts/5.6 Pro/reports/REDESIGN_TRACEABILITY.json#TITLE-006,PM_Assistant_v2_Additive_Correction_v4/reference/V2_REQUIREMENTS_SNAPSHOT.json#TITLE-006,Late generated title cannot overwrite a manual rename.,mirrored_exact_v2_statement,Manual rename races pending generated title,Passive prose correction with identifier exclusions,G032,FULL_CLAUSE_OUTCOME_PROOF_OPEN,False,False,False
v2:TITLE-007,spellcheck,Concepts/chat-assistant-concepts/5.6 Pro/reports/REDESIGN_TRACEABILITY.json#TITLE-007,PM_Assistant_v2_Additive_Correction_v4/reference/V2_REQUIREMENTS_SNAPSHOT.json#TITLE-007,Spellcheck is passive red-underlining plus right-click replacement with no Assistant icon/button/provider call/Usage.,mirrored_exact_v2_statement,Correct ordinary prose,Leave code/paths/identifiers untouched,—,FULL_CLAUSE_OUTCOME_PROOF_OPEN,False,False,False
v2:TITLE-008,spellcheck,Concepts/chat-assistant-concepts/5.6 Pro/reports/REDESIGN_TRACEABILITY.json#TITLE-008,PM_Assistant_v2_Additive_Correction_v4/reference/V2_REQUIREMENTS_SNAPSHOT.json#TITLE-008,"Code, paths, URLs, hashes, commands and recognized identifiers are excluded from spellcheck as appropriate.",mirrored_exact_v2_statement,Correct ordinary prose,Leave code/paths/identifiers untouched,—,FULL_CLAUSE_OUTCOME_PROOF_OPEN,False,False,False
v2:GOAL-001,goal,Concepts/chat-assistant-concepts/5.6 Pro/reports/REDESIGN_TRACEABILITY.json#GOAL-001,PM_Assistant_v2_Additive_Correction_v4/reference/V2_REQUIREMENTS_SNAPSHOT.json#GOAL-001,Goal is one concise objective plus revision and active/paused/blocked/completed lifecycle.,mirrored_exact_v2_statement,Pause/resume unfinished objective,Cancel with continuation fenced,G098-G100,FULL_CLAUSE_OUTCOME_PROOF_OPEN,False,False,False
v2:GOAL-002,goal,Concepts/chat-assistant-concepts/5.6 Pro/reports/REDESIGN_TRACEABILITY.json#GOAL-002,PM_Assistant_v2_Additive_Correction_v4/reference/V2_REQUIREMENTS_SNAPSHOT.json#GOAL-002,"Goal has no title, phase, tranche, child goals, goal-specific budget, mandatory role cast, current action, next action, separate done-when, scope, constraints or attachment fields.",mirrored_exact_v2_statement,Pause/resume unfinished objective,Cancel with continuation fenced,G098-G100,FULL_CLAUSE_OUTCOME_PROOF_OPEN,False,False,False
v2:GOAL-003,goal,Concepts/chat-assistant-concepts/5.6 Pro/reports/REDESIGN_TRACEABILITY.json#GOAL-003,PM_Assistant_v2_Additive_Correction_v4/reference/V2_REQUIREMENTS_SNAPSHOT.json#GOAL-003,"Goal remains extensively usable in Assistant and internal research, ledger-to-Plans, PlanUnit generation, audit/repair and WorkNode-related execution.",mirrored_exact_v2_statement,Pause/resume unfinished objective,Cancel with continuation fenced,G098-G100,FULL_CLAUSE_OUTCOME_PROOF_OPEN,False,False,False
v2:GOAL-004,goal,Concepts/chat-assistant-concepts/5.6 Pro/reports/REDESIGN_TRACEABILITY.json#GOAL-004,PM_Assistant_v2_Additive_Correction_v4/reference/V2_REQUIREMENTS_SNAPSHOT.json#GOAL-004,Workflow-specific state remains owned by each workflow and is supplied by reference to the Goal-driven agent.,mirrored_exact_v2_statement,Pause/resume unfinished objective,Cancel with continuation fenced,G098-G100,FULL_CLAUSE_OUTCOME_PROOF_OPEN,False,False,False
v2:GOAL-005,goal,Concepts/chat-assistant-concepts/5.6 Pro/reports/REDESIGN_TRACEABILITY.json#GOAL-005,PM_Assistant_v2_Additive_Correction_v4/reference/V2_REQUIREMENTS_SNAPSHOT.json#GOAL-005,One model turn ending does not complete an unfinished active Goal; host continuation schedules another turn.,mirrored_exact_v2_statement,Pause/resume unfinished objective,Cancel with continuation fenced,G098-G100,FULL_CLAUSE_OUTCOME_PROOF_OPEN,False,False,False
v2:GOAL-006,goal,Concepts/chat-assistant-concepts/5.6 Pro/reports/REDESIGN_TRACEABILITY.json#GOAL-006,PM_Assistant_v2_Additive_Correction_v4/reference/V2_REQUIREMENTS_SNAPSHOT.json#GOAL-006,User Pause/Cancel/Stop prevents continuation and every automatic resume path.,mirrored_exact_v2_statement,Pause/resume unfinished objective,Cancel with continuation fenced,G098-G100,FULL_CLAUSE_OUTCOME_PROOF_OPEN,False,False,False
v2:GOAL-007,goal,Concepts/chat-assistant-concepts/5.6 Pro/reports/REDESIGN_TRACEABILITY.json#GOAL-007,PM_Assistant_v2_Additive_Correction_v4/reference/V2_REQUIREMENTS_SNAPSHOT.json#GOAL-007,User edits Goal text directly in Activity Detail; Save is the approved user mutation.,mirrored_exact_v2_statement,Pause/resume unfinished objective,Cancel with continuation fenced,G098-G100,FULL_CLAUSE_OUTCOME_PROOF_OPEN,False,False,False
v2:GOAL-008,goal,Concepts/chat-assistant-concepts/5.6 Pro/reports/REDESIGN_TRACEABILITY.json#GOAL-008,PM_Assistant_v2_Additive_Correction_v4/reference/V2_REQUIREMENTS_SNAPSHOT.json#GOAL-008,Agent-proposed Goal replacement requires the existing approval system and explicit user instruction.,mirrored_exact_v2_statement,Pause/resume unfinished objective,Cancel with continuation fenced,G098-G100,FULL_CLAUSE_OUTCOME_PROOF_OPEN,False,False,False
v2:GOAL-009,goal,Concepts/chat-assistant-concepts/5.6 Pro/reports/REDESIGN_TRACEABILITY.json#GOAL-009,PM_Assistant_v2_Additive_Correction_v4/reference/V2_REQUIREMENTS_SNAPSHOT.json#GOAL-009,Agent may create a Goal without second approval when user explicitly requests Goal creation.,mirrored_exact_v2_statement,Pause/resume unfinished objective,Cancel with continuation fenced,G098-G100,FULL_CLAUSE_OUTCOME_PROOF_OPEN,False,False,False
v2:GOAL-010,goal,Concepts/chat-assistant-concepts/5.6 Pro/reports/REDESIGN_TRACEABILITY.json#GOAL-010,PM_Assistant_v2_Additive_Correction_v4/reference/V2_REQUIREMENTS_SNAPSHOT.json#GOAL-010,"Goal hover supports Pause/Resume, Cancel and edit icon; edit opens Activity Detail.",mirrored_exact_v2_statement,Pause/resume unfinished objective,Cancel with continuation fenced,G098-G100,FULL_CLAUSE_OUTCOME_PROOF_OPEN,False,False,False
v2:GOAL-011,goal,Concepts/chat-assistant-concepts/5.6 Pro/reports/REDESIGN_TRACEABILITY.json#GOAL-011,PM_Assistant_v2_Additive_Correction_v4/reference/V2_REQUIREMENTS_SNAPSHOT.json#GOAL-011,"Goal is an Activity domain, not a transcript card.",mirrored_exact_v2_statement,Pause/resume unfinished objective,Cancel with continuation fenced,G098-G100,FULL_CLAUSE_OUTCOME_PROOF_OPEN,False,False,False
v2:GOAL-012,goal,Concepts/chat-assistant-concepts/5.6 Pro/reports/REDESIGN_TRACEABILITY.json#GOAL-012,PM_Assistant_v2_Additive_Correction_v4/reference/V2_REQUIREMENTS_SNAPSHOT.json#GOAL-012,Goal cancellation removes active projection while preserving minimal history/receipt.,mirrored_exact_v2_statement,Pause/resume unfinished objective,Cancel with continuation fenced,G098-G100,FULL_CLAUSE_OUTCOME_PROOF_OPEN,False,False,False
v2:GOAL-013,goal,Concepts/chat-assistant-concepts/5.6 Pro/reports/REDESIGN_TRACEABILITY.json#GOAL-013,PM_Assistant_v2_Additive_Correction_v4/reference/V2_REQUIREMENTS_SNAPSHOT.json#GOAL-013,Provider-native Goal loops cannot run concurrently with PM Goal continuation unless exact one-loop mapping is proven.,mirrored_exact_v2_statement,Pause/resume unfinished objective,Cancel with continuation fenced,G098-G100,FULL_CLAUSE_OUTCOME_PROOF_OPEN,False,False,False
v2:GOAL-014,goal,Concepts/chat-assistant-concepts/5.6 Pro/reports/REDESIGN_TRACEABILITY.json#GOAL-014,PM_Assistant_v2_Additive_Correction_v4/reference/V2_REQUIREMENTS_SNAPSHOT.json#GOAL-014,Goal records and consumers migrate from complex v1 semantics without data loss.,mirrored_exact_v2_statement,Pause/resume unfinished objective,Cancel with continuation fenced,G098-G100,FULL_CLAUSE_OUTCOME_PROOF_OPEN,False,False,False
v2:PLAN-001,regular-plan,Concepts/chat-assistant-concepts/5.6 Pro/reports/REDESIGN_TRACEABILITY.json#PLAN-001,PM_Assistant_v2_Additive_Correction_v4/reference/V2_REQUIREMENTS_SNAPSHOT.json#PLAN-001,"Regular Plan choices are exactly Quick, Standard and Thorough.",mirrored_exact_v2_statement,Approve/build and inspect To-Dos,"Revise stopped Plan, retain prior version","G019,G066-G068",FULL_CLAUSE_OUTCOME_PROOF_OPEN,False,False,False
v2:PLAN-002,regular-plan,Concepts/chat-assistant-concepts/5.6 Pro/reports/REDESIGN_TRACEABILITY.json#PLAN-002,PM_Assistant_v2_Additive_Correction_v4/reference/V2_REQUIREMENTS_SNAPSHOT.json#PLAN-002,"Every Plan produces a structured Plan document with Rich default, Markdown toggle and PDF/Markdown export.",mirrored_exact_v2_statement,Approve/build and inspect To-Dos,"Revise stopped Plan, retain prior version","G019,G066-G068",FULL_CLAUSE_OUTCOME_PROOF_OPEN,False,False,False
v2:PLAN-003,regular-plan,Concepts/chat-assistant-concepts/5.6 Pro/reports/REDESIGN_TRACEABILITY.json#PLAN-003,PM_Assistant_v2_Additive_Correction_v4/reference/V2_REQUIREMENTS_SNAPSHOT.json#PLAN-003,Plan content is read-only to the user; all content changes use agent-mediated Revise.,mirrored_exact_v2_statement,Approve/build and inspect To-Dos,"Revise stopped Plan, retain prior version","G019,G066-G068",FULL_CLAUSE_OUTCOME_PROOF_OPEN,False,False,False
v2:PLAN-004,regular-plan,Concepts/chat-assistant-concepts/5.6 Pro/reports/REDESIGN_TRACEABILITY.json#PLAN-004,PM_Assistant_v2_Additive_Correction_v4/reference/V2_REQUIREMENTS_SNAPSHOT.json#PLAN-004,One unfinished current Plan exists per thread and historical Plans remain linear in transcript order.,mirrored_exact_v2_statement,Approve/build and inspect To-Dos,"Revise stopped Plan, retain prior version","G019,G066-G068",FULL_CLAUSE_OUTCOME_PROOF_OPEN,False,False,False
v2:PLAN-005,regular-plan,Concepts/chat-assistant-concepts/5.6 Pro/reports/REDESIGN_TRACEABILITY.json#PLAN-005,PM_Assistant_v2_Additive_Correction_v4/reference/V2_REQUIREMENTS_SNAPSHOT.json#PLAN-005,Plan revisions keep one identity and display Vn; old versions remain immutable.,mirrored_exact_v2_statement,Approve/build and inspect To-Dos,"Revise stopped Plan, retain prior version","G019,G066-G068",FULL_CLAUSE_OUTCOME_PROOF_OPEN,False,False,False
v2:PLAN-006,regular-plan,Concepts/chat-assistant-concepts/5.6 Pro/reports/REDESIGN_TRACEABILITY.json#PLAN-006,PM_Assistant_v2_Additive_Correction_v4/reference/V2_REQUIREMENTS_SNAPSHOT.json#PLAN-006,"The same primary control displays Build, Building…, Completed or Canceled.",mirrored_exact_v2_statement,Approve/build and inspect To-Dos,"Revise stopped Plan, retain prior version","G019,G066-G068",FULL_CLAUSE_OUTCOME_PROOF_OPEN,False,False,False
v2:PLAN-007,regular-plan,Concepts/chat-assistant-concepts/5.6 Pro/reports/REDESIGN_TRACEABILITY.json#PLAN-007,PM_Assistant_v2_Additive_Correction_v4/reference/V2_REQUIREMENTS_SNAPSHOT.json#PLAN-007,"Building… remains while paused, waiting for quota/window, or otherwise nonterminal; reason is secondary text.",mirrored_exact_v2_statement,Approve/build and inspect To-Dos,"Revise stopped Plan, retain prior version","G019,G066-G068",FULL_CLAUSE_OUTCOME_PROOF_OPEN,False,False,False
v2:PLAN-008,regular-plan,Concepts/chat-assistant-concepts/5.6 Pro/reports/REDESIGN_TRACEABILITY.json#PLAN-008,PM_Assistant_v2_Additive_Correction_v4/reference/V2_REQUIREMENTS_SNAPSHOT.json#PLAN-008,"Regular Plan creates only a Plan document and To-Dos; no ledger, PlanUnits, NodeSeeds, WorkNodes, Plan Compile or Orchestrator.",mirrored_exact_v2_statement,Approve/build and inspect To-Dos,"Revise stopped Plan, retain prior version","G019,G066-G068",FULL_CLAUSE_OUTCOME_PROOF_OPEN,False,False,False
v2:PLAN-009,regular-plan,Concepts/chat-assistant-concepts/5.6 Pro/reports/REDESIGN_TRACEABILITY.json#PLAN-009,PM_Assistant_v2_Additive_Correction_v4/reference/V2_REQUIREMENTS_SNAPSHOT.json#PLAN-009,"Build freezes exact Plan ID/version/hash, runtime, permissions and project/worktree context.",mirrored_exact_v2_statement,Approve/build and inspect To-Dos,"Revise stopped Plan, retain prior version","G019,G066-G068",FULL_CLAUSE_OUTCOME_PROOF_OPEN,False,False,False
v2:PLAN-010,regular-plan,Concepts/chat-assistant-concepts/5.6 Pro/reports/REDESIGN_TRACEABILITY.json#PLAN-010,PM_Assistant_v2_Additive_Correction_v4/reference/V2_REQUIREMENTS_SNAPSHOT.json#PLAN-010,Build is idempotent and cannot create duplicate PlanRuns/To-Dos.,mirrored_exact_v2_statement,Approve/build and inspect To-Dos,"Revise stopped Plan, retain prior version","G019,G066-G068",FULL_CLAUSE_OUTCOME_PROOF_OPEN,False,False,False
v2:PLAN-011,regular-plan,Concepts/chat-assistant-concepts/5.6 Pro/reports/REDESIGN_TRACEABILITY.json#PLAN-011,PM_Assistant_v2_Additive_Correction_v4/reference/V2_REQUIREMENTS_SNAPSHOT.json#PLAN-011,Build With Crew always opens a configuration modal and starts Plan/Crew/To-Dos atomically.,mirrored_exact_v2_statement,Approve/build and inspect To-Dos,"Revise stopped Plan, retain prior version","G019,G066-G068",FULL_CLAUSE_OUTCOME_PROOF_OPEN,False,False,False
v2:PLAN-012,regular-plan,Concepts/chat-assistant-concepts/5.6 Pro/reports/REDESIGN_TRACEABILITY.json#PLAN-012,PM_Assistant_v2_Additive_Correction_v4/reference/V2_REQUIREMENTS_SNAPSHOT.json#PLAN-012,Build At binds exact Plan version/hash and revision invalidates the schedule.,mirrored_exact_v2_statement,Approve/build and inspect To-Dos,"Revise stopped Plan, retain prior version","G019,G066-G068",FULL_CLAUSE_OUTCOME_PROOF_OPEN,False,False,False
v2:PLAN-013,regular-plan,Concepts/chat-assistant-concepts/5.6 Pro/reports/REDESIGN_TRACEABILITY.json#PLAN-013,PM_Assistant_v2_Additive_Correction_v4/reference/V2_REQUIREMENTS_SNAPSHOT.json#PLAN-013,Send To Planning Wizard bypasses PRD Builder and passes a structured Plan handoff.,mirrored_exact_v2_statement,Approve/build and inspect To-Dos,"Revise stopped Plan, retain prior version","G019,G066-G068",FULL_CLAUSE_OUTCOME_PROOF_OPEN,False,False,False
v2:PLAN-014,regular-plan,Concepts/chat-assistant-concepts/5.6 Pro/reports/REDESIGN_TRACEABILITY.json#PLAN-014,PM_Assistant_v2_Additive_Correction_v4/reference/V2_REQUIREMENTS_SNAPSHOT.json#PLAN-014,A small Assistant Plan is not automatically a NamedPlan; explicit save/promotion/handoff may link one.,mirrored_exact_v2_statement,Approve/build and inspect To-Dos,"Revise stopped Plan, retain prior version","G019,G066-G068",FULL_CLAUSE_OUTCOME_PROOF_OPEN,False,False,False
v2:PLAN-015,regular-plan,Concepts/chat-assistant-concepts/5.6 Pro/reports/REDESIGN_TRACEABILITY.json#PLAN-015,PM_Assistant_v2_Additive_Correction_v4/reference/V2_REQUIREMENTS_SNAPSHOT.json#PLAN-015,An explicit new Plan request closes the old unfinished Plan as Canceled; no Superseded user status.,mirrored_exact_v2_statement,Approve/build and inspect To-Dos,"Revise stopped Plan, retain prior version","G019,G066-G068",FULL_CLAUSE_OUTCOME_PROOF_OPEN,False,False,False
v2:PLAN-016,regular-plan,Concepts/chat-assistant-concepts/5.6 Pro/reports/REDESIGN_TRACEABILITY.json#PLAN-016,PM_Assistant_v2_Additive_Correction_v4/reference/V2_REQUIREMENTS_SNAPSHOT.json#PLAN-016,Regular Plan may use Goal-driven execution only when the user explicitly requests it.,mirrored_exact_v2_statement,Approve/build and inspect To-Dos,"Revise stopped Plan, retain prior version","G019,G066-G068",FULL_CLAUSE_OUTCOME_PROOF_OPEN,False,False,False
v2:PLAN-017,regular-plan,Concepts/chat-assistant-concepts/5.6 Pro/reports/REDESIGN_TRACEABILITY.json#PLAN-017,PM_Assistant_v2_Additive_Correction_v4/reference/V2_REQUIREMENTS_SNAPSHOT.json#PLAN-017,Plan adherence binds material work to Plan step and To-Do identities.,mirrored_exact_v2_statement,Approve/build and inspect To-Dos,"Revise stopped Plan, retain prior version","G019,G066-G068",FULL_CLAUSE_OUTCOME_PROOF_OPEN,False,False,False
v2:PLAN-018,regular-plan,Concepts/chat-assistant-concepts/5.6 Pro/reports/REDESIGN_TRACEABILITY.json#PLAN-018,PM_Assistant_v2_Additive_Correction_v4/reference/V2_REQUIREMENTS_SNAPSHOT.json#PLAN-018,Material Plan divergence requires Revise; constraint conflicts stop affected work.,mirrored_exact_v2_statement,Approve/build and inspect To-Dos,"Revise stopped Plan, retain prior version","G019,G066-G068",FULL_CLAUSE_OUTCOME_PROOF_OPEN,False,False,False
v2:DPLAN-001,deep-plan,Concepts/chat-assistant-concepts/5.6 Pro/reports/REDESIGN_TRACEABILITY.json#DPLAN-001,PM_Assistant_v2_Additive_Correction_v4/reference/V2_REQUIREMENTS_SNAPSHOT.json#DPLAN-001,"Deep Plan choices are exactly Thorough, Exhaustive and BrainStorm.",mirrored_exact_v2_statement,Build Exhaustive Plan with scoped units,Promote BrainStorm result with lineage,"G015,G084",FULL_CLAUSE_OUTCOME_PROOF_OPEN,False,False,False
v2:DPLAN-002,deep-plan,Concepts/chat-assistant-concepts/5.6 Pro/reports/REDESIGN_TRACEABILITY.json#DPLAN-002,PM_Assistant_v2_Additive_Correction_v4/reference/V2_REQUIREMENTS_SNAPSHOT.json#DPLAN-002,Deep Plan uses a run-scoped native ledger in the background.,mirrored_exact_v2_statement,Build Exhaustive Plan with scoped units,Promote BrainStorm result with lineage,"G015,G084",FULL_CLAUSE_OUTCOME_PROOF_OPEN,False,False,False
v2:DPLAN-003,deep-plan,Concepts/chat-assistant-concepts/5.6 Pro/reports/REDESIGN_TRACEABILITY.json#DPLAN-003,PM_Assistant_v2_Additive_Correction_v4/reference/V2_REQUIREMENTS_SNAPSHOT.json#DPLAN-003,The ledger produces a standardized human-readable Plan document.,mirrored_exact_v2_statement,Build Exhaustive Plan with scoped units,Promote BrainStorm result with lineage,"G015,G084",FULL_CLAUSE_OUTCOME_PROOF_OPEN,False,False,False
v2:DPLAN-004,deep-plan,Concepts/chat-assistant-concepts/5.6 Pro/reports/REDESIGN_TRACEABILITY.json#DPLAN-004,PM_Assistant_v2_Additive_Correction_v4/reference/V2_REQUIREMENTS_SNAPSHOT.json#DPLAN-004,"Before Build, user can request agent-mediated revisions without direct editing.",mirrored_exact_v2_statement,Build Exhaustive Plan with scoped units,Promote BrainStorm result with lineage,"G015,G084",FULL_CLAUSE_OUTCOME_PROOF_OPEN,False,False,False
v2:DPLAN-005,deep-plan,Concepts/chat-assistant-concepts/5.6 Pro/reports/REDESIGN_TRACEABILITY.json#DPLAN-005,PM_Assistant_v2_Additive_Correction_v4/reference/V2_REQUIREMENTS_SNAPSHOT.json#DPLAN-005,"On Build, Deep Plan creates standard-schema Plan-scoped PlanUnits, then maps them to To-Dos.",mirrored_exact_v2_statement,Build Exhaustive Plan with scoped units,Promote BrainStorm result with lineage,"G015,G084",FULL_CLAUSE_OUTCOME_PROOF_OPEN,False,False,False
v2:DPLAN-006,deep-plan,Concepts/chat-assistant-concepts/5.6 Pro/reports/REDESIGN_TRACEABILITY.json#DPLAN-006,PM_Assistant_v2_Additive_Correction_v4/reference/V2_REQUIREMENTS_SNAPSHOT.json#DPLAN-006,Deep Plan PlanUnits retain standard semantics but do not enter the global product PlanUnit index.,mirrored_exact_v2_statement,Build Exhaustive Plan with scoped units,Promote BrainStorm result with lineage,"G015,G084",FULL_CLAUSE_OUTCOME_PROOF_OPEN,False,False,False
v2:DPLAN-007,deep-plan,Concepts/chat-assistant-concepts/5.6 Pro/reports/REDESIGN_TRACEABILITY.json#DPLAN-007,PM_Assistant_v2_Additive_Correction_v4/reference/V2_REQUIREMENTS_SNAPSHOT.json#DPLAN-007,"Deep Plan does not create NodeSeeds, WorkNodes, Plan Compile, Spec Lock or Orchestrator work.",mirrored_exact_v2_statement,Build Exhaustive Plan with scoped units,Promote BrainStorm result with lineage,"G015,G084",FULL_CLAUSE_OUTCOME_PROOF_OPEN,False,False,False
v2:DPLAN-008,deep-plan,Concepts/chat-assistant-concepts/5.6 Pro/reports/REDESIGN_TRACEABILITY.json#DPLAN-008,PM_Assistant_v2_Additive_Correction_v4/reference/V2_REQUIREMENTS_SNAPSHOT.json#DPLAN-008,"Deep Plan can be promoted to Planning Wizard with ledger, PlanUnits, sources, answers and attachments intact.",mirrored_exact_v2_statement,Build Exhaustive Plan with scoped units,Promote BrainStorm result with lineage,"G015,G084",FULL_CLAUSE_OUTCOME_PROOF_OPEN,False,False,False
v2:DPLAN-009,deep-plan,Concepts/chat-assistant-concepts/5.6 Pro/reports/REDESIGN_TRACEABILITY.json#DPLAN-009,PM_Assistant_v2_Additive_Correction_v4/reference/V2_REQUIREMENTS_SNAPSHOT.json#DPLAN-009,"Exhaustive includes more complete research, adversarial alternatives, cross-system effects, migrations, compatibility, security, performance, operations, rollback and uncertainty closure.",mirrored_exact_v2_statement,Build Exhaustive Plan with scoped units,Promote BrainStorm result with lineage,"G015,G084",FULL_CLAUSE_OUTCOME_PROOF_OPEN,False,False,False
v2:DPLAN-010,deep-plan,Concepts/chat-assistant-concepts/5.6 Pro/reports/REDESIGN_TRACEABILITY.json#DPLAN-010,PM_Assistant_v2_Additive_Correction_v4/reference/V2_REQUIREMENTS_SNAPSHOT.json#DPLAN-010,BrainStorm is a strict superset of Exhaustive.,mirrored_exact_v2_statement,Build Exhaustive Plan with scoped units,Promote BrainStorm result with lineage,"G015,G084",FULL_CLAUSE_OUTCOME_PROOF_OPEN,False,False,False
v2:TODO-001,todos,Concepts/chat-assistant-concepts/5.6 Pro/reports/REDESIGN_TRACEABILITY.json#TODO-001,PM_Assistant_v2_Additive_Correction_v4/reference/V2_REQUIREMENTS_SNAPSHOT.json#TODO-001,Each thread has one current To-Do list and no cross-thread or source-grouped display.,mirrored_exact_v2_statement,Complete independent leaves out of order,Refuse bulk/provider completion,"G024,G036,G037",FULL_CLAUSE_OUTCOME_PROOF_OPEN,False,False,False
v2:TODO-002,todos,Concepts/chat-assistant-concepts/5.6 Pro/reports/REDESIGN_TRACEABILITY.json#TODO-002,PM_Assistant_v2_Additive_Correction_v4/reference/V2_REQUIREMENTS_SNAPSHOT.json#TODO-002,To-Dos support parent/child hierarchy and stable identities.,mirrored_exact_v2_statement,Complete independent leaves out of order,Refuse bulk/provider completion,"G024,G036,G037",FULL_CLAUSE_OUTCOME_PROOF_OPEN,False,False,False
v2:TODO-003,todos,Concepts/chat-assistant-concepts/5.6 Pro/reports/REDESIGN_TRACEABILITY.json#TODO-003,PM_Assistant_v2_Additive_Correction_v4/reference/V2_REQUIREMENTS_SNAPSHOT.json#TODO-003,Leaf To-Dos are bounded independent outcomes rather than multi-day projects.,mirrored_exact_v2_statement,Complete independent leaves out of order,Refuse bulk/provider completion,"G024,G036,G037",FULL_CLAUSE_OUTCOME_PROOF_OPEN,False,False,False
v2:TODO-004,todos,Concepts/chat-assistant-concepts/5.6 Pro/reports/REDESIGN_TRACEABILITY.json#TODO-004,PM_Assistant_v2_Additive_Correction_v4/reference/V2_REQUIREMENTS_SNAPSHOT.json#TODO-004,"To-Dos support dependencies, parallel groups, simultaneous in-progress items and out-of-display-order execution.",mirrored_exact_v2_statement,Complete independent leaves out of order,Refuse bulk/provider completion,"G024,G036,G037",FULL_CLAUSE_OUTCOME_PROOF_OPEN,False,False,False
v2:TODO-005,todos,Concepts/chat-assistant-concepts/5.6 Pro/reports/REDESIGN_TRACEABILITY.json#TODO-005,PM_Assistant_v2_Additive_Correction_v4/reference/V2_REQUIREMENTS_SNAPSHOT.json#TODO-005,"Visible statuses are pending, in_progress, completed, blocked and skipped.",mirrored_exact_v2_statement,Complete independent leaves out of order,Refuse bulk/provider completion,"G024,G036,G037",FULL_CLAUSE_OUTCOME_PROOF_OPEN,False,False,False
v2:TODO-006,todos,Concepts/chat-assistant-concepts/5.6 Pro/reports/REDESIGN_TRACEABILITY.json#TODO-006,PM_Assistant_v2_Additive_Correction_v4/reference/V2_REQUIREMENTS_SNAPSHOT.json#TODO-006,"Waiting on another To-Do is pending with dependency, not blocked.",mirrored_exact_v2_statement,Complete independent leaves out of order,Refuse bulk/provider completion,"G024,G036,G037",FULL_CLAUSE_OUTCOME_PROOF_OPEN,False,False,False
v2:TODO-007,todos,Concepts/chat-assistant-concepts/5.6 Pro/reports/REDESIGN_TRACEABILITY.json#TODO-007,PM_Assistant_v2_Additive_Correction_v4/reference/V2_REQUIREMENTS_SNAPSHOT.json#TODO-007,Verification is neither a To-Do status nor user-visible metadata; validation is a separate To-Do when needed.,mirrored_exact_v2_statement,Complete independent leaves out of order,Refuse bulk/provider completion,"G024,G036,G037",FULL_CLAUSE_OUTCOME_PROOF_OPEN,False,False,False
v2:TODO-008,todos,Concepts/chat-assistant-concepts/5.6 Pro/reports/REDESIGN_TRACEABILITY.json#TODO-008,PM_Assistant_v2_Additive_Correction_v4/reference/V2_REQUIREMENTS_SNAPSHOT.json#TODO-008,Completed To-Dos stay inline with filled dot and strike-through; no Done section.,mirrored_exact_v2_statement,Complete independent leaves out of order,Refuse bulk/provider completion,"G024,G036,G037",FULL_CLAUSE_OUTCOME_PROOF_OPEN,False,False,False
v2:TODO-009,todos,Concepts/chat-assistant-concepts/5.6 Pro/reports/REDESIGN_TRACEABILITY.json#TODO-009,PM_Assistant_v2_Additive_Correction_v4/reference/V2_REQUIREMENTS_SNAPSHOT.json#TODO-009,"ToDoController owns stable item mutation, work binding, state transitions, rollups, recovery and projection.",mirrored_exact_v2_statement,Complete independent leaves out of order,Refuse bulk/provider completion,"G024,G036,G037",FULL_CLAUSE_OUTCOME_PROOF_OPEN,False,False,False
v2:TODO-010,todos,Concepts/chat-assistant-concepts/5.6 Pro/reports/REDESIGN_TRACEABILITY.json#TODO-010,PM_Assistant_v2_Additive_Correction_v4/reference/V2_REQUIREMENTS_SNAPSHOT.json#TODO-010,Provider/model whole-list replacement cannot directly mark canonical items complete.,mirrored_exact_v2_statement,Complete independent leaves out of order,Refuse bulk/provider completion,"G024,G036,G037",FULL_CLAUSE_OUTCOME_PROOF_OPEN,False,False,False
v2:TODO-011,todos,Concepts/chat-assistant-concepts/5.6 Pro/reports/REDESIGN_TRACEABILITY.json#TODO-011,PM_Assistant_v2_Additive_Correction_v4/reference/V2_REQUIREMENTS_SNAPSHOT.json#TODO-011,Tool success alone cannot complete a To-Do unless expected outcome is satisfied.,mirrored_exact_v2_statement,Complete independent leaves out of order,Refuse bulk/provider completion,"G024,G036,G037",FULL_CLAUSE_OUTCOME_PROOF_OPEN,False,False,False
v2:TODO-012,todos,Concepts/chat-assistant-concepts/5.6 Pro/reports/REDESIGN_TRACEABILITY.json#TODO-012,PM_Assistant_v2_Additive_Correction_v4/reference/V2_REQUIREMENTS_SNAPSHOT.json#TODO-012,Every completion transition has an item-level cause/evidence reference.,mirrored_exact_v2_statement,Complete independent leaves out of order,Refuse bulk/provider completion,"G024,G036,G037",FULL_CLAUSE_OUTCOME_PROOF_OPEN,False,False,False
v2:TODO-013,todos,Concepts/chat-assistant-concepts/5.6 Pro/reports/REDESIGN_TRACEABILITY.json#TODO-013,PM_Assistant_v2_Additive_Correction_v4/reference/V2_REQUIREMENTS_SNAPSHOT.json#TODO-013,"Goal, Plan, Crew and ordinary tasks feed the same thread list without visible source headers.",mirrored_exact_v2_statement,Complete independent leaves out of order,Refuse bulk/provider completion,"G024,G036,G037",FULL_CLAUSE_OUTCOME_PROOF_OPEN,False,False,False
v2:TODO-014,todos,Concepts/chat-assistant-concepts/5.6 Pro/reports/REDESIGN_TRACEABILITY.json#TODO-014,PM_Assistant_v2_Additive_Correction_v4/reference/V2_REQUIREMENTS_SNAPSHOT.json#TODO-014,To-Dos are Activity-only and do not become transcript cards.,mirrored_exact_v2_statement,Complete independent leaves out of order,Refuse bulk/provider completion,"G024,G036,G037",FULL_CLAUSE_OUTCOME_PROOF_OPEN,False,False,False
v2:COLLAB-001,collaboration,Concepts/chat-assistant-concepts/5.6 Pro/reports/REDESIGN_TRACEABILITY.json#COLLAB-001,PM_Assistant_v2_Additive_Correction_v4/reference/V2_REQUIREMENTS_SNAPSHOT.json#COLLAB-001,"Crew, BrainStorm, Review and Chat Room share one participant/run/message/artifact/Usage/recovery/composer-target foundation.",mirrored_exact_v2_statement,Cancel detached draft,Commit workflow with attributable participants,"G012,G014-G016,G048",FULL_CLAUSE_OUTCOME_PROOF_OPEN,False,False,False
v2:COLLAB-002,collaboration,Concepts/chat-assistant-concepts/5.6 Pro/reports/REDESIGN_TRACEABILITY.json#COLLAB-002,PM_Assistant_v2_Additive_Correction_v4/reference/V2_REQUIREMENTS_SNAPSHOT.json#COLLAB-002,Every invocation opens a configuration modal populated from Settings defaults.,mirrored_exact_v2_statement,Cancel detached draft,Commit workflow with attributable participants,"G012,G014-G016,G048",FULL_CLAUSE_OUTCOME_PROOF_OPEN,False,False,False
v2:COLLAB-003,collaboration,Concepts/chat-assistant-concepts/5.6 Pro/reports/REDESIGN_TRACEABILITY.json#COLLAB-003,PM_Assistant_v2_Additive_Correction_v4/reference/V2_REQUIREMENTS_SNAPSHOT.json#COLLAB-003,"Every participant supports requested/effective model, account, Persona, Skills and tools.",mirrored_exact_v2_statement,Cancel detached draft,Commit workflow with attributable participants,"G012,G014-G016,G048",FULL_CLAUSE_OUTCOME_PROOF_OPEN,False,False,False
v2:COLLAB-004,collaboration,Concepts/chat-assistant-concepts/5.6 Pro/reports/REDESIGN_TRACEABILITY.json#COLLAB-004,PM_Assistant_v2_Additive_Correction_v4/reference/V2_REQUIREMENTS_SNAPSHOT.json#COLLAB-004,No selected model or Persona is silently substituted.,mirrored_exact_v2_statement,Cancel detached draft,Commit workflow with attributable participants,"G012,G014-G016,G048",FULL_CLAUSE_OUTCOME_PROOF_OPEN,False,False,False
v2:COLLAB-005,collaboration,Concepts/chat-assistant-concepts/5.6 Pro/reports/REDESIGN_TRACEABILITY.json#COLLAB-005,PM_Assistant_v2_Additive_Correction_v4/reference/V2_REQUIREMENTS_SNAPSHOT.json#COLLAB-005,"Each workflow produces a transcript card, expandable recent detail, full panel and Activity domain.",mirrored_exact_v2_statement,Cancel detached draft,Commit workflow with attributable participants,"G012,G014-G016,G048",FULL_CLAUSE_OUTCOME_PROOF_OPEN,False,False,False
v2:COLLAB-006,collaboration,Concepts/chat-assistant-concepts/5.6 Pro/reports/REDESIGN_TRACEABILITY.json#COLLAB-006,PM_Assistant_v2_Additive_Correction_v4/reference/V2_REQUIREMENTS_SNAPSHOT.json#COLLAB-006,Each participant is clickable to open the exact participant transcript and evidence.,mirrored_exact_v2_statement,Cancel detached draft,Commit workflow with attributable participants,"G012,G014-G016,G048",FULL_CLAUSE_OUTCOME_PROOF_OPEN,False,False,False
v2:COLLAB-007,collaboration,Concepts/chat-assistant-concepts/5.6 Pro/reports/REDESIGN_TRACEABILITY.json#COLLAB-007,PM_Assistant_v2_Additive_Correction_v4/reference/V2_REQUIREMENTS_SNAPSHOT.json#COLLAB-007,Workflow Message targets the ordinary composer with visual destination chrome.,mirrored_exact_v2_statement,Cancel detached draft,Commit workflow with attributable participants,"G012,G014-G016,G048",FULL_CLAUSE_OUTCOME_PROOF_OPEN,False,False,False
v2:COLLAB-008,collaboration,Concepts/chat-assistant-concepts/5.6 Pro/reports/REDESIGN_TRACEABILITY.json#COLLAB-008,PM_Assistant_v2_Additive_Correction_v4/reference/V2_REQUIREMENTS_SNAPSHOT.json#COLLAB-008,"Pause/resume/cancel preserve truthful state, transcript and artifacts.",mirrored_exact_v2_statement,Cancel detached draft,Commit workflow with attributable participants,"G012,G014-G016,G048",FULL_CLAUSE_OUTCOME_PROOF_OPEN,False,False,False
v2:COLLAB-009,collaboration,Concepts/chat-assistant-concepts/5.6 Pro/reports/REDESIGN_TRACEABILITY.json#COLLAB-009,PM_Assistant_v2_Additive_Correction_v4/reference/V2_REQUIREMENTS_SNAPSHOT.json#COLLAB-009,Permissions are bounded by the parent ceiling and participants cannot self-authorize.,mirrored_exact_v2_statement,Cancel detached draft,Commit workflow with attributable participants,"G012,G014-G016,G048",FULL_CLAUSE_OUTCOME_PROOF_OPEN,False,False,False
v2:COLLAB-010,collaboration,Concepts/chat-assistant-concepts/5.6 Pro/reports/REDESIGN_TRACEABILITY.json#COLLAB-010,PM_Assistant_v2_Additive_Correction_v4/reference/V2_REQUIREMENTS_SNAPSHOT.json#COLLAB-010,"Multi-Agent Workflows Settings manager has Crew, BrainStorm, Review and Chat Room tabs.",mirrored_exact_v2_statement,Cancel detached draft,Commit workflow with attributable participants,"G012,G014-G016,G048",FULL_CLAUSE_OUTCOME_PROOF_OPEN,False,False,False
v2:CREW-001,crew,Concepts/chat-assistant-concepts/5.6 Pro/reports/REDESIGN_TRACEABILITY.json#CREW-001,PM_Assistant_v2_Additive_Correction_v4/reference/V2_REQUIREMENTS_SNAPSHOT.json#CREW-001,"Crew config includes coordinator, roles, models, Personas, context, tools, permissions, dependencies, expected outputs, parallelism, synthesis and limits.",mirrored_exact_v2_statement,Cancel detached Crew draft,Commit requested roster and inspect run,"G012,G048",FULL_CLAUSE_OUTCOME_PROOF_OPEN,False,False,False
v2:CREW-002,crew,Concepts/chat-assistant-concepts/5.6 Pro/reports/REDESIGN_TRACEABILITY.json#CREW-002,PM_Assistant_v2_Additive_Correction_v4/reference/V2_REQUIREMENTS_SNAPSHOT.json#CREW-002,Crew executes delegated work rather than functioning as a discussion-only Chat Room.,mirrored_exact_v2_statement,Cancel detached Crew draft,Commit requested roster and inspect run,"G012,G048",FULL_CLAUSE_OUTCOME_PROOF_OPEN,False,False,False
v2:CREW-003,crew,Concepts/chat-assistant-concepts/5.6 Pro/reports/REDESIGN_TRACEABILITY.json#CREW-003,PM_Assistant_v2_Additive_Correction_v4/reference/V2_REQUIREMENTS_SNAPSHOT.json#CREW-003,Crew Auto is a checkable Multi-Agent submenu item.,mirrored_exact_v2_statement,Cancel detached Crew draft,Commit requested roster and inspect run,"G012,G048",FULL_CLAUSE_OUTCOME_PROOF_OPEN,False,False,False
v2:CREW-004,crew-auto,Concepts/chat-assistant-concepts/5.6 Pro/reports/REDESIGN_TRACEABILITY.json#CREW-004,PM_Assistant_v2_Additive_Correction_v4/reference/V2_REQUIREMENTS_SNAPSHOT.json#CREW-004,Enabling Crew Auto opens its configuration modal before the check becomes active.,mirrored_exact_v2_statement,Cancel policy draft,Commit policy without starting work,G013,FULL_CLAUSE_OUTCOME_PROOF_OPEN,False,False,False
v2:CREW-005,crew-auto,Concepts/chat-assistant-concepts/5.6 Pro/reports/REDESIGN_TRACEABILITY.json#CREW-005,PM_Assistant_v2_Additive_Correction_v4/reference/V2_REQUIREMENTS_SNAPSHOT.json#CREW-005,Crew Auto criteria cannot widen authority or override an explicit single-agent selection.,mirrored_exact_v2_statement,Cancel policy draft,Commit policy without starting work,G013,FULL_CLAUSE_OUTCOME_PROOF_OPEN,False,False,False
v2:CREW-006,crew-auto,Concepts/chat-assistant-concepts/5.6 Pro/reports/REDESIGN_TRACEABILITY.json#CREW-006,PM_Assistant_v2_Additive_Correction_v4/reference/V2_REQUIREMENTS_SNAPSHOT.json#CREW-006,Build With Crew binds Crew to exact Plan version and To-Dos.,mirrored_exact_v2_statement,Cancel policy draft,Commit policy without starting work,G013,FULL_CLAUSE_OUTCOME_PROOF_OPEN,False,False,False
v2:CREW-007,crew-auto,Concepts/chat-assistant-concepts/5.6 Pro/reports/REDESIGN_TRACEABILITY.json#CREW-007,PM_Assistant_v2_Additive_Correction_v4/reference/V2_REQUIREMENTS_SNAPSHOT.json#CREW-007,Crew participant rows open individual transcripts.,mirrored_exact_v2_statement,Cancel policy draft,Commit policy without starting work,G013,FULL_CLAUSE_OUTCOME_PROOF_OPEN,False,False,False
v2:BRAIN-001,brainstorm,Concepts/chat-assistant-concepts/5.6 Pro/reports/REDESIGN_TRACEABILITY.json#BRAIN-001,PM_Assistant_v2_Additive_Correction_v4/reference/V2_REQUIREMENTS_SNAPSHOT.json#BRAIN-001,BrainStorm is the third Deep Plan option and outputs exactly one Deep Plan.,mirrored_exact_v2_statement,Configure then cancel,Commit and inspect research roster; extend to debate/synthesis,G015,FULL_CLAUSE_OUTCOME_PROOF_OPEN,False,False,False
v2:BRAIN-002,brainstorm,Concepts/chat-assistant-concepts/5.6 Pro/reports/REDESIGN_TRACEABILITY.json#BRAIN-002,PM_Assistant_v2_Additive_Correction_v4/reference/V2_REQUIREMENTS_SNAPSHOT.json#BRAIN-002,BrainStorm baseline maximum user-decision questions is 15.,mirrored_exact_v2_statement,Configure then cancel,Commit and inspect research roster; extend to debate/synthesis,G015,FULL_CLAUSE_OUTCOME_PROOF_OPEN,False,False,False
v2:BRAIN-003,brainstorm,Concepts/chat-assistant-concepts/5.6 Pro/reports/REDESIGN_TRACEABILITY.json#BRAIN-003,PM_Assistant_v2_Additive_Correction_v4/reference/V2_REQUIREMENTS_SNAPSHOT.json#BRAIN-003,Grill Me increases the effective maximum by a configurable extension; default extension is 10.,mirrored_exact_v2_statement,Configure then cancel,Commit and inspect research roster; extend to debate/synthesis,G015,FULL_CLAUSE_OUTCOME_PROOF_OPEN,False,False,False
v2:BRAIN-004,brainstorm,Concepts/chat-assistant-concepts/5.6 Pro/reports/REDESIGN_TRACEABILITY.json#BRAIN-004,PM_Assistant_v2_Additive_Correction_v4/reference/V2_REQUIREMENTS_SNAPSHOT.json#BRAIN-004,Question allowance is shared across all participants and does not reset when Grill Me is enabled mid-flow.,mirrored_exact_v2_statement,Configure then cancel,Commit and inspect research roster; extend to debate/synthesis,G015,FULL_CLAUSE_OUTCOME_PROOF_OPEN,False,False,False
v2:BRAIN-005,brainstorm,Concepts/chat-assistant-concepts/5.6 Pro/reports/REDESIGN_TRACEABILITY.json#BRAIN-005,PM_Assistant_v2_Additive_Correction_v4/reference/V2_REQUIREMENTS_SNAPSHOT.json#BRAIN-005,Previously answered and semantically duplicate questions are not repeated.,mirrored_exact_v2_statement,Configure then cancel,Commit and inspect research roster; extend to debate/synthesis,G015,FULL_CLAUSE_OUTCOME_PROOF_OPEN,False,False,False
v2:BRAIN-006,brainstorm,Concepts/chat-assistant-concepts/5.6 Pro/reports/REDESIGN_TRACEABILITY.json#BRAIN-006,PM_Assistant_v2_Additive_Correction_v4/reference/V2_REQUIREMENTS_SNAPSHOT.json#BRAIN-006,Researchable factual questions are assigned to agents rather than asked of the user.,mirrored_exact_v2_statement,Configure then cancel,Commit and inspect research roster; extend to debate/synthesis,G015,FULL_CLAUSE_OUTCOME_PROOF_OPEN,False,False,False
v2:BRAIN-007,brainstorm,Concepts/chat-assistant-concepts/5.6 Pro/reports/REDESIGN_TRACEABILITY.json#BRAIN-007,PM_Assistant_v2_Additive_Correction_v4/reference/V2_REQUIREMENTS_SNAPSHOT.json#BRAIN-007,BrainStorm is read-only against the target project.,mirrored_exact_v2_statement,Configure then cancel,Commit and inspect research roster; extend to debate/synthesis,G015,FULL_CLAUSE_OUTCOME_PROOF_OPEN,False,False,False
v2:BRAIN-008,brainstorm,Concepts/chat-assistant-concepts/5.6 Pro/reports/REDESIGN_TRACEABILITY.json#BRAIN-008,PM_Assistant_v2_Additive_Correction_v4/reference/V2_REQUIREMENTS_SNAPSHOT.json#BRAIN-008,BrainStorm may request permission-gated temporary isolated MCP/tool/package provisioning for research.,mirrored_exact_v2_statement,Configure then cancel,Commit and inspect research roster; extend to debate/synthesis,G015,FULL_CLAUSE_OUTCOME_PROOF_OPEN,False,False,False
v2:BRAIN-009,brainstorm,Concepts/chat-assistant-concepts/5.6 Pro/reports/REDESIGN_TRACEABILITY.json#BRAIN-009,PM_Assistant_v2_Additive_Correction_v4/reference/V2_REQUIREMENTS_SNAPSHOT.json#BRAIN-009,Persistent project/host/global installation requires ordinary explicit approval.,mirrored_exact_v2_statement,Configure then cancel,Commit and inspect research roster; extend to debate/synthesis,G015,FULL_CLAUSE_OUTCOME_PROOF_OPEN,False,False,False
v2:BRAIN-010,brainstorm,Concepts/chat-assistant-concepts/5.6 Pro/reports/REDESIGN_TRACEABILITY.json#BRAIN-010,PM_Assistant_v2_Additive_Correction_v4/reference/V2_REQUIREMENTS_SNAPSHOT.json#BRAIN-010,Core participants make blind independent proposals before seeing other proposals.,mirrored_exact_v2_statement,Configure then cancel,Commit and inspect research roster; extend to debate/synthesis,G015,FULL_CLAUSE_OUTCOME_PROOF_OPEN,False,False,False
v2:BRAIN-011,brainstorm,Concepts/chat-assistant-concepts/5.6 Pro/reports/REDESIGN_TRACEABILITY.json#BRAIN-011,PM_Assistant_v2_Additive_Correction_v4/reference/V2_REQUIREMENTS_SNAPSHOT.json#BRAIN-011,"Participants debate, challenge assumptions, request targeted research and may propose hybrids.",mirrored_exact_v2_statement,Configure then cancel,Commit and inspect research roster; extend to debate/synthesis,G015,FULL_CLAUSE_OUTCOME_PROOF_OPEN,False,False,False
v2:BRAIN-012,brainstorm,Concepts/chat-assistant-concepts/5.6 Pro/reports/REDESIGN_TRACEABILITY.json#BRAIN-012,PM_Assistant_v2_Additive_Correction_v4/reference/V2_REQUIREMENTS_SNAPSHOT.json#BRAIN-012,"Voting records support/oppose/abstain, confidence, reason, evidence and hard-constraint conflicts.",mirrored_exact_v2_statement,Configure then cancel,Commit and inspect research roster; extend to debate/synthesis,G015,FULL_CLAUSE_OUTCOME_PROOF_OPEN,False,False,False
v2:BRAIN-013,brainstorm,Concepts/chat-assistant-concepts/5.6 Pro/reports/REDESIGN_TRACEABILITY.json#BRAIN-013,PM_Assistant_v2_Additive_Correction_v4/reference/V2_REQUIREMENTS_SNAPSHOT.json#BRAIN-013,Hard user-constraint violations disqualify an approach regardless of vote count.,mirrored_exact_v2_statement,Configure then cancel,Commit and inspect research roster; extend to debate/synthesis,G015,FULL_CLAUSE_OUTCOME_PROOF_OPEN,False,False,False
v2:BRAIN-014,brainstorm,Concepts/chat-assistant-concepts/5.6 Pro/reports/REDESIGN_TRACEABILITY.json#BRAIN-014,PM_Assistant_v2_Additive_Correction_v4/reference/V2_REQUIREMENTS_SNAPSHOT.json#BRAIN-014,Final synthesis preserves material dissent and explains rejected alternatives.,mirrored_exact_v2_statement,Configure then cancel,Commit and inspect research roster; extend to debate/synthesis,G015,FULL_CLAUSE_OUTCOME_PROOF_OPEN,False,False,False
v2:BRAIN-015,brainstorm,Concepts/chat-assistant-concepts/5.6 Pro/reports/REDESIGN_TRACEABILITY.json#BRAIN-015,PM_Assistant_v2_Additive_Correction_v4/reference/V2_REQUIREMENTS_SNAPSHOT.json#BRAIN-015,BrainStorm card remains after linked Plan creation and opens full transcript/panel.,mirrored_exact_v2_statement,Configure then cancel,Commit and inspect research roster; extend to debate/synthesis,G015,FULL_CLAUSE_OUTCOME_PROOF_OPEN,False,False,False
v2:BRAIN-016,brainstorm,Concepts/chat-assistant-concepts/5.6 Pro/reports/REDESIGN_TRACEABILITY.json#BRAIN-016,PM_Assistant_v2_Additive_Correction_v4/reference/V2_REQUIREMENTS_SNAPSHOT.json#BRAIN-016,Wonderer and Grill Me are additive participants rather than replacements.,mirrored_exact_v2_statement,Configure then cancel,Commit and inspect research roster; extend to debate/synthesis,G015,FULL_CLAUSE_OUTCOME_PROOF_OPEN,False,False,False
v2:REVIEW-001,review,Concepts/chat-assistant-concepts/5.6 Pro/reports/REDESIGN_TRACEABILITY.json#REVIEW-001,PM_Assistant_v2_Additive_Correction_v4/reference/V2_REQUIREMENTS_SNAPSHOT.json#REVIEW-001,Review is a primary Assistant mode with Single Agent and Multi-Pass Review submenu choices.,mirrored_exact_v2_statement,Configure/cancel,"Remove to one, switch strategy without resurrection",G016,FULL_CLAUSE_OUTCOME_PROOF_OPEN,False,False,False
v2:REVIEW-002,review,Concepts/chat-assistant-concepts/5.6 Pro/reports/REDESIGN_TRACEABILITY.json#REVIEW-002,PM_Assistant_v2_Additive_Correction_v4/reference/V2_REQUIREMENTS_SNAPSHOT.json#REVIEW-002,Single Agent creates a fresh-context reviewer subagent with selected model and Persona.,mirrored_exact_v2_statement,Configure/cancel,"Remove to one, switch strategy without resurrection",G016,FULL_CLAUSE_OUTCOME_PROOF_OPEN,False,False,False
v2:REVIEW-003,review,Concepts/chat-assistant-concepts/5.6 Pro/reports/REDESIGN_TRACEABILITY.json#REVIEW-003,PM_Assistant_v2_Additive_Correction_v4/reference/V2_REQUIREMENTS_SNAPSHOT.json#REVIEW-003,Multi-Pass supports 1–8 reviewers with default 3 and permits repeated model choices.,mirrored_exact_v2_statement,Configure/cancel,"Remove to one, switch strategy without resurrection",G016,FULL_CLAUSE_OUTCOME_PROOF_OPEN,False,False,False
v2:REVIEW-004,review,Concepts/chat-assistant-concepts/5.6 Pro/reports/REDESIGN_TRACEABILITY.json#REVIEW-004,PM_Assistant_v2_Additive_Correction_v4/reference/V2_REQUIREMENTS_SNAPSHOT.json#REVIEW-004,Every initial review pass receives a unique attempt and frozen target pack.,mirrored_exact_v2_statement,Configure/cancel,"Remove to one, switch strategy without resurrection",G016,FULL_CLAUSE_OUTCOME_PROOF_OPEN,False,False,False
v2:REVIEW-005,review,Concepts/chat-assistant-concepts/5.6 Pro/reports/REDESIGN_TRACEABILITY.json#REVIEW-005,PM_Assistant_v2_Additive_Correction_v4/reference/V2_REQUIREMENTS_SNAPSHOT.json#REVIEW-005,Initial review passes run concurrently and blind.,mirrored_exact_v2_statement,Configure/cancel,"Remove to one, switch strategy without resurrection",G016,FULL_CLAUSE_OUTCOME_PROOF_OPEN,False,False,False
v2:REVIEW-006,review,Concepts/chat-assistant-concepts/5.6 Pro/reports/REDESIGN_TRACEABILITY.json#REVIEW-006,PM_Assistant_v2_Additive_Correction_v4/reference/V2_REQUIREMENTS_SNAPSHOT.json#REVIEW-006,Findings are normalized for likely duplicates without losing origin/evidence.,mirrored_exact_v2_statement,Configure/cancel,"Remove to one, switch strategy without resurrection",G016,FULL_CLAUSE_OUTCOME_PROOF_OPEN,False,False,False
v2:REVIEW-007,review,Concepts/chat-assistant-concepts/5.6 Pro/reports/REDESIGN_TRACEABILITY.json#REVIEW-007,PM_Assistant_v2_Additive_Correction_v4/reference/V2_REQUIREMENTS_SNAPSHOT.json#REVIEW-007,"Reviewers then corroborate findings using confirm, reject, duplicate or uncertain dispositions.",mirrored_exact_v2_statement,Configure/cancel,"Remove to one, switch strategy without resurrection",G016,FULL_CLAUSE_OUTCOME_PROOF_OPEN,False,False,False
v2:REVIEW-008,review,Concepts/chat-assistant-concepts/5.6 Pro/reports/REDESIGN_TRACEABILITY.json#REVIEW-008,PM_Assistant_v2_Additive_Correction_v4/reference/V2_REQUIREMENTS_SNAPSHOT.json#REVIEW-008,Final adjudication preserves unresolved material disagreement rather than manufacturing consensus.,mirrored_exact_v2_statement,Configure/cancel,"Remove to one, switch strategy without resurrection",G016,FULL_CLAUSE_OUTCOME_PROOF_OPEN,False,False,False
v2:REVIEW-009,review,Concepts/chat-assistant-concepts/5.6 Pro/reports/REDESIGN_TRACEABILITY.json#REVIEW-009,PM_Assistant_v2_Additive_Correction_v4/reference/V2_REQUIREMENTS_SNAPSHOT.json#REVIEW-009,Reviews of different target hashes cannot silently merge.,mirrored_exact_v2_statement,Configure/cancel,"Remove to one, switch strategy without resurrection",G016,FULL_CLAUSE_OUTCOME_PROOF_OPEN,False,False,False
v2:REVIEW-010,review,Concepts/chat-assistant-concepts/5.6 Pro/reports/REDESIGN_TRACEABILITY.json#REVIEW-010,PM_Assistant_v2_Additive_Correction_v4/reference/V2_REQUIREMENTS_SNAPSHOT.json#REVIEW-010,Review output is a versioned Rich/Markdown artifact plus concise thread summary.,mirrored_exact_v2_statement,Configure/cancel,"Remove to one, switch strategy without resurrection",G016,FULL_CLAUSE_OUTCOME_PROOF_OPEN,False,False,False
v2:REVIEW-011,review,Concepts/chat-assistant-concepts/5.6 Pro/reports/REDESIGN_TRACEABILITY.json#REVIEW-011,PM_Assistant_v2_Additive_Correction_v4/reference/V2_REQUIREMENTS_SNAPSHOT.json#REVIEW-011,Review is read-only and never automatically repairs target work.,mirrored_exact_v2_statement,Configure/cancel,"Remove to one, switch strategy without resurrection",G016,FULL_CLAUSE_OUTCOME_PROOF_OPEN,False,False,False
v2:REVIEW-012,review,Concepts/chat-assistant-concepts/5.6 Pro/reports/REDESIGN_TRACEABILITY.json#REVIEW-012,PM_Assistant_v2_Additive_Correction_v4/reference/V2_REQUIREMENTS_SNAPSHOT.json#REVIEW-012,Confirmed findings can be explicitly sent to agent or converted to To-Dos.,mirrored_exact_v2_statement,Configure/cancel,"Remove to one, switch strategy without resurrection",G016,FULL_CLAUSE_OUTCOME_PROOF_OPEN,False,False,False
v2:ROOM-001,chat_room,Concepts/chat-assistant-concepts/5.6 Pro/reports/REDESIGN_TRACEABILITY.json#ROOM-001,PM_Assistant_v2_Additive_Correction_v4/reference/V2_REQUIREMENTS_SNAPSHOT.json#ROOM-001,Chat Room is a persistent multi-agent discussion distinct from Crew execution.,mirrored_exact_v2_statement,Configure then cancel,Commit roster; extend to discussion and explicit promotion,G014,FULL_CLAUSE_OUTCOME_PROOF_OPEN,False,False,False
v2:ROOM-002,chat_room,Concepts/chat-assistant-concepts/5.6 Pro/reports/REDESIGN_TRACEABILITY.json#ROOM-002,PM_Assistant_v2_Additive_Correction_v4/reference/V2_REQUIREMENTS_SNAPSHOT.json#ROOM-002,"Configuration includes participants, moderator, turn policy, mentions/replies, tools, rounds/stop and output.",mirrored_exact_v2_statement,Configure then cancel,Commit roster; extend to discussion and explicit promotion,G014,FULL_CLAUSE_OUTCOME_PROOF_OPEN,False,False,False
v2:ROOM-003,chat_room,Concepts/chat-assistant-concepts/5.6 Pro/reports/REDESIGN_TRACEABILITY.json#ROOM-003,PM_Assistant_v2_Additive_Correction_v4/reference/V2_REQUIREMENTS_SNAPSHOT.json#ROOM-003,User can message the room through the ordinary targeted composer.,mirrored_exact_v2_statement,Configure then cancel,Commit roster; extend to discussion and explicit promotion,G014,FULL_CLAUSE_OUTCOME_PROOF_OPEN,False,False,False
v2:ROOM-004,chat_room,Concepts/chat-assistant-concepts/5.6 Pro/reports/REDESIGN_TRACEABILITY.json#ROOM-004,PM_Assistant_v2_Additive_Correction_v4/reference/V2_REQUIREMENTS_SNAPSHOT.json#ROOM-004,"Room discussion does not automatically create To-Dos, Plans or Goals.",mirrored_exact_v2_statement,Configure then cancel,Commit roster; extend to discussion and explicit promotion,G014,FULL_CLAUSE_OUTCOME_PROOF_OPEN,False,False,False
v2:ROOM-005,chat_room,Concepts/chat-assistant-concepts/5.6 Pro/reports/REDESIGN_TRACEABILITY.json#ROOM-005,PM_Assistant_v2_Additive_Correction_v4/reference/V2_REQUIREMENTS_SNAPSHOT.json#ROOM-005,"Explicit promotions preserve source lineage into Plan, To-Do, Goal or artifact.",mirrored_exact_v2_statement,Configure then cancel,Commit roster; extend to discussion and explicit promotion,G014,FULL_CLAUSE_OUTCOME_PROOF_OPEN,False,False,False
v2:ROOM-006,chat_room,Concepts/chat-assistant-concepts/5.6 Pro/reports/REDESIGN_TRACEABILITY.json#ROOM-006,PM_Assistant_v2_Additive_Correction_v4/reference/V2_REQUIREMENTS_SNAPSHOT.json#ROOM-006,Room transcript and participant sessions survive restart.,mirrored_exact_v2_statement,Configure then cancel,Commit roster; extend to discussion and explicit promotion,G014,FULL_CLAUSE_OUTCOME_PROOF_OPEN,False,False,False
v2:WONDER-001,wonderer,Concepts/chat-assistant-concepts/5.6 Pro/reports/REDESIGN_TRACEABILITY.json#WONDER-001,PM_Assistant_v2_Additive_Correction_v4/reference/V2_REQUIREMENTS_SNAPSHOT.json#WONDER-001,"Wonderer is implemented as a built-in Persona plus methodology Skill, not Hermes profile infrastructure.",mirrored_exact_v2_statement,Keep adjacent lead a hypothesis,Research and resolve before synthesis,—,FULL_CLAUSE_OUTCOME_PROOF_OPEN,False,False,False
v2:WONDER-002,wonderer,Concepts/chat-assistant-concepts/5.6 Pro/reports/REDESIGN_TRACEABILITY.json#WONDER-002,PM_Assistant_v2_Additive_Correction_v4/reference/V2_REQUIREMENTS_SNAPSHOT.json#WONDER-002,Wonderer explores adjacent domains and overlooked possibilities and connects each lead to the seed topic.,mirrored_exact_v2_statement,Keep adjacent lead a hypothesis,Research and resolve before synthesis,—,FULL_CLAUSE_OUTCOME_PROOF_OPEN,False,False,False
v2:WONDER-003,wonderer,Concepts/chat-assistant-concepts/5.6 Pro/reports/REDESIGN_TRACEABILITY.json#WONDER-003,PM_Assistant_v2_Additive_Correction_v4/reference/V2_REQUIREMENTS_SNAPSHOT.json#WONDER-003,Wonderer output remains hypothesis/lead until researched or decided.,mirrored_exact_v2_statement,Keep adjacent lead a hypothesis,Research and resolve before synthesis,—,FULL_CLAUSE_OUTCOME_PROOF_OPEN,False,False,False
v2:WONDER-004,wonderer,Concepts/chat-assistant-concepts/5.6 Pro/reports/REDESIGN_TRACEABILITY.json#WONDER-004,PM_Assistant_v2_Additive_Correction_v4/reference/V2_REQUIREMENTS_SNAPSHOT.json#WONDER-004,"Wonderer is additive in BrainStorm, Crew, Chat Room, PRD Builder and Planning Wizard.",mirrored_exact_v2_statement,Keep adjacent lead a hypothesis,Research and resolve before synthesis,—,FULL_CLAUSE_OUTCOME_PROOF_OPEN,False,False,False
v2:WONDER-005,wonderer,Concepts/chat-assistant-concepts/5.6 Pro/reports/REDESIGN_TRACEABILITY.json#WONDER-005,PM_Assistant_v2_Additive_Correction_v4/reference/V2_REQUIREMENTS_SNAPSHOT.json#WONDER-005,Grill Me uses a shared dependency-aware question frontier and recommended answers.,mirrored_exact_v2_statement,Keep adjacent lead a hypothesis,Research and resolve before synthesis,—,FULL_CLAUSE_OUTCOME_PROOF_OPEN,False,False,False
v2:WONDER-006,wonderer,Concepts/chat-assistant-concepts/5.6 Pro/reports/REDESIGN_TRACEABILITY.json#WONDER-006,PM_Assistant_v2_Additive_Correction_v4/reference/V2_REQUIREMENTS_SNAPSHOT.json#WONDER-006,Grill Me routes factual research to agents and has no implementation authority.,mirrored_exact_v2_statement,Keep adjacent lead a hypothesis,Research and resolve before synthesis,—,FULL_CLAUSE_OUTCOME_PROOF_OPEN,False,False,False
v2:WONDER-007,wonderer,Concepts/chat-assistant-concepts/5.6 Pro/reports/REDESIGN_TRACEABILITY.json#WONDER-007,PM_Assistant_v2_Additive_Correction_v4/reference/V2_REQUIREMENTS_SNAPSHOT.json#WONDER-007,Grill Me appears as an additive option in workflow modals and a Deep Plan submenu footer toggle.,mirrored_exact_v2_statement,Keep adjacent lead a hypothesis,Research and resolve before synthesis,—,FULL_CLAUSE_OUTCOME_PROOF_OPEN,False,False,False
v2:WONDER-008,wonderer,Concepts/chat-assistant-concepts/5.6 Pro/reports/REDESIGN_TRACEABILITY.json#WONDER-008,PM_Assistant_v2_Additive_Correction_v4/reference/V2_REQUIREMENTS_SNAPSHOT.json#WONDER-008,PRD Builder uses Wonderer early and Grill Me near discovery closure when enabled.,mirrored_exact_v2_statement,Keep adjacent lead a hypothesis,Research and resolve before synthesis,—,FULL_CLAUSE_OUTCOME_PROOF_OPEN,False,False,False
v2:WONDER-009,wonderer,Concepts/chat-assistant-concepts/5.6 Pro/reports/REDESIGN_TRACEABILITY.json#WONDER-009,PM_Assistant_v2_Additive_Correction_v4/reference/V2_REQUIREMENTS_SNAPSHOT.json#WONDER-009,Planning Wizard uses Wonderer at topic entry and Grill Me near topic closure with global duplicate prevention.,mirrored_exact_v2_statement,Keep adjacent lead a hypothesis,Research and resolve before synthesis,—,FULL_CLAUSE_OUTCOME_PROOF_OPEN,False,False,False
v2:BSD-001,bsd,Concepts/chat-assistant-concepts/5.6 Pro/reports/REDESIGN_TRACEABILITY.json#BSD-001,PM_Assistant_v2_Additive_Correction_v4/reference/V2_REQUIREMENTS_SNAPSHOT.json#BSD-001,"BSD is a separate passive read-only advisor, not part of Multi-Agent Workflows and not a required reviewer/certifier.",mirrored_exact_v2_statement,Configure identity and stage bindings,Reconfirm held finding against newer generation,"G010,G011,G087-G091",FULL_CLAUSE_OUTCOME_PROOF_OPEN,False,False,False
v2:BSD-002,bsd,Concepts/chat-assistant-concepts/5.6 Pro/reports/REDESIGN_TRACEABILITY.json#BSD-002,PM_Assistant_v2_Additive_Correction_v4/reference/V2_REQUIREMENTS_SNAPSHOT.json#BSD-002,"BSD modes are Off, Auto and On with Auto default.",mirrored_exact_v2_statement,Configure identity and stage bindings,Reconfirm held finding against newer generation,"G010,G011,G087-G091",FULL_CLAUSE_OUTCOME_PROOF_OPEN,False,False,False
v2:BSD-003,bsd,Concepts/chat-assistant-concepts/5.6 Pro/reports/REDESIGN_TRACEABILITY.json#BSD-003,PM_Assistant_v2_Additive_Correction_v4/reference/V2_REQUIREMENTS_SNAPSHOT.json#BSD-003,Auto uses deterministic trigger kinds and On evaluates every eligible bounded update within policy.,mirrored_exact_v2_statement,Configure identity and stage bindings,Reconfirm held finding against newer generation,"G010,G011,G087-G091",FULL_CLAUSE_OUTCOME_PROOF_OPEN,False,False,False
v2:BSD-004,bsd,Concepts/chat-assistant-concepts/5.6 Pro/reports/REDESIGN_TRACEABILITY.json#BSD-004,PM_Assistant_v2_Additive_Correction_v4/reference/V2_REQUIREMENTS_SNAPSHOT.json#BSD-004,"Each BSD assignment has isolated context/tool session, model/Persona, cursor, epoch, transcript and Usage.",mirrored_exact_v2_statement,Configure identity and stage bindings,Reconfirm held finding against newer generation,"G010,G011,G087-G091",FULL_CLAUSE_OUTCOME_PROOF_OPEN,False,False,False
v2:BSD-005,bsd,Concepts/chat-assistant-concepts/5.6 Pro/reports/REDESIGN_TRACEABILITY.json#BSD-005,PM_Assistant_v2_Additive_Correction_v4/reference/V2_REQUIREMENTS_SNAPSHOT.json#BSD-005,BSD input is a bounded redacted delta plus current constraint/Goal/Plan/PlanUnit/To-Do/evidence refs.,mirrored_exact_v2_statement,Configure identity and stage bindings,Reconfirm held finding against newer generation,"G010,G011,G087-G091",FULL_CLAUSE_OUTCOME_PROOF_OPEN,False,False,False
v2:BSD-006,bsd,Concepts/chat-assistant-concepts/5.6 Pro/reports/REDESIGN_TRACEABILITY.json#BSD-006,PM_Assistant_v2_Additive_Correction_v4/reference/V2_REQUIREMENTS_SNAPSHOT.json#BSD-006,Async concern/critical findings are held and must be reconfirmed against newer work before delivery.,mirrored_exact_v2_statement,Configure identity and stage bindings,Reconfirm held finding against newer generation,"G010,G011,G087-G091",FULL_CLAUSE_OUTCOME_PROOF_OPEN,False,False,False
v2:BSD-007,bsd,Concepts/chat-assistant-concepts/5.6 Pro/reports/REDESIGN_TRACEABILITY.json#BSD-007,PM_Assistant_v2_Additive_Correction_v4/reference/V2_REQUIREMENTS_SNAPSHOT.json#BSD-007,Synchronous frozen safe-point findings may deliver immediately.,mirrored_exact_v2_statement,Configure identity and stage bindings,Reconfirm held finding against newer generation,"G010,G011,G087-G091",FULL_CLAUSE_OUTCOME_PROOF_OPEN,False,False,False
v2:BSD-008,bsd,Concepts/chat-assistant-concepts/5.6 Pro/reports/REDESIGN_TRACEABILITY.json#BSD-008,PM_Assistant_v2_Additive_Correction_v4/reference/V2_REQUIREMENTS_SNAPSHOT.json#BSD-008,Terminal timeout may show unreconfirmed critical advice only with explicit stale labeling and cannot fail/restart primary.,mirrored_exact_v2_statement,Configure identity and stage bindings,Reconfirm held finding against newer generation,"G010,G011,G087-G091",FULL_CLAUSE_OUTCOME_PROOF_OPEN,False,False,False
v2:BSD-009,bsd,Concepts/chat-assistant-concepts/5.6 Pro/reports/REDESIGN_TRACEABILITY.json#BSD-009,PM_Assistant_v2_Additive_Correction_v4/reference/V2_REQUIREMENTS_SNAPSHOT.json#BSD-009,"BSD severities are nit, concern and critical; public blocker is not used.",mirrored_exact_v2_statement,Configure identity and stage bindings,Reconfirm held finding against newer generation,"G010,G011,G087-G091",FULL_CLAUSE_OUTCOME_PROOF_OPEN,False,False,False
v2:BSD-010,bsd,Concepts/chat-assistant-concepts/5.6 Pro/reports/REDESIGN_TRACEABILITY.json#BSD-010,PM_Assistant_v2_Additive_Correction_v4/reference/V2_REQUIREMENTS_SNAPSHOT.json#BSD-010,BSD findings have stable dedup/closure identity and unchanged closed findings do not recur.,mirrored_exact_v2_statement,Configure identity and stage bindings,Reconfirm held finding against newer generation,"G010,G011,G087-G091",FULL_CLAUSE_OUTCOME_PROOF_OPEN,False,False,False
v2:BSD-011,bsd,Concepts/chat-assistant-concepts/5.6 Pro/reports/REDESIGN_TRACEABILITY.json#BSD-011,PM_Assistant_v2_Additive_Correction_v4/reference/V2_REQUIREMENTS_SNAPSHOT.json#BSD-011,"BSD tools are read-only and exclude mutation, install, approval, credentials, publish and protected auth.",mirrored_exact_v2_statement,Configure identity and stage bindings,Reconfirm held finding against newer generation,"G010,G011,G087-G091",FULL_CLAUSE_OUTCOME_PROOF_OPEN,False,False,False
v2:BSD-012,bsd,Concepts/chat-assistant-concepts/5.6 Pro/reports/REDESIGN_TRACEABILITY.json#BSD-012,PM_Assistant_v2_Additive_Correction_v4/reference/V2_REQUIREMENTS_SNAPSHOT.json#BSD-012,BSD unsafe output is quarantined; one re-prime is allowed then BSD pauses.,mirrored_exact_v2_statement,Configure identity and stage bindings,Reconfirm held finding against newer generation,"G010,G011,G087-G091",FULL_CLAUSE_OUTCOME_PROOF_OPEN,False,False,False
v2:BSD-013,bsd,Concepts/chat-assistant-concepts/5.6 Pro/reports/REDESIGN_TRACEABILITY.json#BSD-013,PM_Assistant_v2_Additive_Correction_v4/reference/V2_REQUIREMENTS_SNAPSHOT.json#BSD-013,"BSD failure, quota or unavailability cannot block primary work.",mirrored_exact_v2_statement,Configure identity and stage bindings,Reconfirm held finding against newer generation,"G010,G011,G087-G091",FULL_CLAUSE_OUTCOME_PROOF_OPEN,False,False,False
v2:BSD-014,bsd,Concepts/chat-assistant-concepts/5.6 Pro/reports/REDESIGN_TRACEABILITY.json#BSD-014,PM_Assistant_v2_Additive_Correction_v4/reference/V2_REQUIREMENTS_SNAPSHOT.json#BSD-014,"BSD reset/re-prime and epoch fencing cover compaction, fork, rewind, replacement and model/Persona changes.",mirrored_exact_v2_statement,Configure identity and stage bindings,Reconfirm held finding against newer generation,"G010,G011,G087-G091",FULL_CLAUSE_OUTCOME_PROOF_OPEN,False,False,False
v2:BSD-015,bsd,Concepts/chat-assistant-concepts/5.6 Pro/reports/REDESIGN_TRACEABILITY.json#BSD-015,PM_Assistant_v2_Additive_Correction_v4/reference/V2_REQUIREMENTS_SNAPSHOT.json#BSD-015,BSD supports configurable cooldown and bounded catch-up.,mirrored_exact_v2_statement,Configure identity and stage bindings,Reconfirm held finding against newer generation,"G010,G011,G087-G091",FULL_CLAUSE_OUTCOME_PROOF_OPEN,False,False,False
v2:BSD-016,bsd,Concepts/chat-assistant-concepts/5.6 Pro/reports/REDESIGN_TRACEABILITY.json#BSD-016,PM_Assistant_v2_Additive_Correction_v4/reference/V2_REQUIREMENTS_SNAPSHOT.json#BSD-016,"BSD can be enabled by stage in PRD Builder, Planning Wizard, PlanUnit, Plan Compile, WorkNode, audit, execution, verification, remediation and certification.",mirrored_exact_v2_statement,Configure identity and stage bindings,Reconfirm held finding against newer generation,"G010,G011,G087-G091",FULL_CLAUSE_OUTCOME_PROOF_OPEN,False,False,False
v2:BSD-017,bsd,Concepts/chat-assistant-concepts/5.6 Pro/reports/REDESIGN_TRACEABILITY.json#BSD-017,PM_Assistant_v2_Additive_Correction_v4/reference/V2_REQUIREMENTS_SNAPSHOT.json#BSD-017,BSD configuration modal appears when explicitly selected for PRD Builder/Planning Wizard and freezes stage bindings.,mirrored_exact_v2_statement,Configure identity and stage bindings,Reconfirm held finding against newer generation,"G010,G011,G087-G091",FULL_CLAUSE_OUTCOME_PROOF_OPEN,False,False,False
v2:BSD-018,bsd,Concepts/chat-assistant-concepts/5.6 Pro/reports/REDESIGN_TRACEABILITY.json#BSD-018,PM_Assistant_v2_Additive_Correction_v4/reference/V2_REQUIREMENTS_SNAPSHOT.json#BSD-018,Compact Context and Context Details show truthful BSD state and identity.,mirrored_exact_v2_statement,Configure identity and stage bindings,Reconfirm held finding against newer generation,"G010,G011,G087-G091",FULL_CLAUSE_OUTCOME_PROOF_OPEN,False,False,False
v2:BSD-019,bsd,Concepts/chat-assistant-concepts/5.6 Pro/reports/REDESIGN_TRACEABILITY.json#BSD-019,PM_Assistant_v2_Additive_Correction_v4/reference/V2_REQUIREMENTS_SNAPSHOT.json#BSD-019,"Usage distinguishes BSD calls, no-calls, held/cleared/emitted/suppressed outcomes, cost, stage, latency and quota.",mirrored_exact_v2_statement,Configure identity and stage bindings,Reconfirm held finding against newer generation,"G010,G011,G087-G091",FULL_CLAUSE_OUTCOME_PROOF_OPEN,False,False,False
v2:BSD-020,bsd,Concepts/chat-assistant-concepts/5.6 Pro/reports/REDESIGN_TRACEABILITY.json#BSD-020,PM_Assistant_v2_Additive_Correction_v4/reference/V2_REQUIREMENTS_SNAPSHOT.json#BSD-020,BSD command/event/storage/wiring authority must be closed before implementation-ready status.,mirrored_exact_v2_statement,Configure identity and stage bindings,Reconfirm held finding against newer generation,"G010,G011,G087-G091",FULL_CLAUSE_OUTCOME_PROOF_OPEN,False,False,False
v2:BROWSER-001,browser,Concepts/chat-assistant-concepts/5.6 Pro/reports/REDESIGN_TRACEABILITY.json#BROWSER-001,PM_Assistant_v2_Additive_Correction_v4/reference/V2_REQUIREMENTS_SNAPSHOT.json#BROWSER-001,"Browser supports visible full screenshot, explicit full-scroll-page screenshot, region screenshot and component selection.",mirrored_exact_v2_statement,Send isolated screenshot,"Add component instructions, then revalidate","G035,G111",FULL_CLAUSE_OUTCOME_PROOF_OPEN,False,False,False
v2:BROWSER-002,browser,Concepts/chat-assistant-concepts/5.6 Pro/reports/REDESIGN_TRACEABILITY.json#BROWSER-002,PM_Assistant_v2_Additive_Correction_v4/reference/V2_REQUIREMENTS_SNAPSHOT.json#BROWSER-002,Full/region screenshots immediately send an isolated payload to current destination without unrelated composer text.,mirrored_exact_v2_statement,Send isolated screenshot,"Add component instructions, then revalidate","G035,G111",FULL_CLAUSE_OUTCOME_PROOF_OPEN,False,False,False
v2:BROWSER-003,browser,Concepts/chat-assistant-concepts/5.6 Pro/reports/REDESIGN_TRACEABILITY.json#BROWSER-003,PM_Assistant_v2_Additive_Correction_v4/reference/V2_REQUIREMENTS_SNAPSHOT.json#BROWSER-003,"Component selection shows adjacent instruction bar with Send, menu and persisted last mode.",mirrored_exact_v2_statement,Send isolated screenshot,"Add component instructions, then revalidate","G035,G111",FULL_CLAUSE_OUTCOME_PROOF_OPEN,False,False,False
v2:BROWSER-004,browser,Concepts/chat-assistant-concepts/5.6 Pro/reports/REDESIGN_TRACEABILITY.json#BROWSER-004,PM_Assistant_v2_Additive_Correction_v4/reference/V2_REQUIREMENTS_SNAPSHOT.json#BROWSER-004,"Component modes are Send Now, Add To Composer List and Insert Component At Cursor.",mirrored_exact_v2_statement,Send isolated screenshot,"Add component instructions, then revalidate","G035,G111",FULL_CLAUSE_OUTCOME_PROOF_OPEN,False,False,False
v2:BROWSER-005,browser,Concepts/chat-assistant-concepts/5.6 Pro/reports/REDESIGN_TRACEABILITY.json#BROWSER-005,PM_Assistant_v2_Additive_Correction_v4/reference/V2_REQUIREMENTS_SNAPSHOT.json#BROWSER-005,Add To Composer List creates numbered visible instructions with stable hidden component refs and is distinct from live follow-up queue.,mirrored_exact_v2_statement,Send isolated screenshot,"Add component instructions, then revalidate","G035,G111",FULL_CLAUSE_OUTCOME_PROOF_OPEN,False,False,False
v2:BROWSER-006,browser,Concepts/chat-assistant-concepts/5.6 Pro/reports/REDESIGN_TRACEABILITY.json#BROWSER-006,PM_Assistant_v2_Additive_Correction_v4/reference/V2_REQUIREMENTS_SNAPSHOT.json#BROWSER-006,Insert Component At Cursor sends nothing.,mirrored_exact_v2_statement,Send isolated screenshot,"Add component instructions, then revalidate","G035,G111",FULL_CLAUSE_OUTCOME_PROOF_OPEN,False,False,False
v2:BROWSER-007,browser,Concepts/chat-assistant-concepts/5.6 Pro/reports/REDESIGN_TRACEABILITY.json#BROWSER-007,PM_Assistant_v2_Additive_Correction_v4/reference/V2_REQUIREMENTS_SNAPSHOT.json#BROWSER-007,"BrowserElementContext retains session/page/frame/generation, locator, DOM/component/source/style/rect and optional crop.",mirrored_exact_v2_statement,Send isolated screenshot,"Add component instructions, then revalidate","G035,G111",FULL_CLAUSE_OUTCOME_PROOF_OPEN,False,False,False
v2:BROWSER-008,browser,Concepts/chat-assistant-concepts/5.6 Pro/reports/REDESIGN_TRACEABILITY.json#BROWSER-008,PM_Assistant_v2_Additive_Correction_v4/reference/V2_REQUIREMENTS_SNAPSHOT.json#BROWSER-008,Agent has policy-controlled full ordinary internal browser and DevTools access.,mirrored_exact_v2_statement,Send isolated screenshot,"Add component instructions, then revalidate","G035,G111",FULL_CLAUSE_OUTCOME_PROOF_OPEN,False,False,False
v2:BROWSER-009,browser,Concepts/chat-assistant-concepts/5.6 Pro/reports/REDESIGN_TRACEABILITY.json#BROWSER-009,PM_Assistant_v2_Additive_Correction_v4/reference/V2_REQUIREMENTS_SNAPSHOT.json#BROWSER-009,"Protected authentication browser is always human-only and excluded from capture, DevTools, BSD and persistence.",mirrored_exact_v2_statement,Send isolated screenshot,"Add component instructions, then revalidate","G035,G111",FULL_CLAUSE_OUTCOME_PROOF_OPEN,False,False,False
v2:SCHED-001,scheduling,Concepts/chat-assistant-concepts/5.6 Pro/reports/REDESIGN_TRACEABILITY.json#SCHED-001,PM_Assistant_v2_Additive_Correction_v4/reference/V2_REQUIREMENTS_SNAPSHOT.json#SCHED-001,Schedule Message appears in the wand menu.,mirrored_exact_v2_statement,Create/edit future dispatch,Cancel before delivery,G001-G009,FULL_CLAUSE_OUTCOME_PROOF_OPEN,False,False,False
v2:SCHED-002,scheduling,Concepts/chat-assistant-concepts/5.6 Pro/reports/REDESIGN_TRACEABILITY.json#SCHED-002,PM_Assistant_v2_Additive_Correction_v4/reference/V2_REQUIREMENTS_SNAPSHOT.json#SCHED-002,"Scheduled message freezes exact destination, text, attachments, requested runtime/model/account, time and policy.",mirrored_exact_v2_statement,Create/edit future dispatch,Cancel before delivery,G001-G009,FULL_CLAUSE_OUTCOME_PROOF_OPEN,False,False,False
v2:SCHED-003,scheduling,Concepts/chat-assistant-concepts/5.6 Pro/reports/REDESIGN_TRACEABILITY.json#SCHED-003,PM_Assistant_v2_Additive_Correction_v4/reference/V2_REQUIREMENTS_SNAPSHOT.json#SCHED-003,Plan Build At binds exact Plan ID/version/hash.,mirrored_exact_v2_statement,Create/edit future dispatch,Cancel before delivery,G001-G009,FULL_CLAUSE_OUTCOME_PROOF_OPEN,False,False,False
v2:SCHED-004,scheduling,Concepts/chat-assistant-concepts/5.6 Pro/reports/REDESIGN_TRACEABILITY.json#SCHED-004,PM_Assistant_v2_Additive_Correction_v4/reference/V2_REQUIREMENTS_SNAPSHOT.json#SCHED-004,Plan revision invalidates its pending build schedule rather than retargeting silently.,mirrored_exact_v2_statement,Create/edit future dispatch,Cancel before delivery,G001-G009,FULL_CLAUSE_OUTCOME_PROOF_OPEN,False,False,False
v2:SCHED-005,scheduling,Concepts/chat-assistant-concepts/5.6 Pro/reports/REDESIGN_TRACEABILITY.json#SCHED-005,PM_Assistant_v2_Additive_Correction_v4/reference/V2_REQUIREMENTS_SNAPSHOT.json#SCHED-005,"Execution windows support one-time/recurring start, pause, wind-down, days, IANA timezone and local wall-clock DST policy.",mirrored_exact_v2_statement,Create/edit future dispatch,Cancel before delivery,G001-G009,FULL_CLAUSE_OUTCOME_PROOF_OPEN,False,False,False
v2:SCHED-006,scheduling,Concepts/chat-assistant-concepts/5.6 Pro/reports/REDESIGN_TRACEABILITY.json#SCHED-006,PM_Assistant_v2_Additive_Correction_v4/reference/V2_REQUIREMENTS_SNAPSHOT.json#SCHED-006,Wind-down stops new large work and pauses at a safe checkpoint.,mirrored_exact_v2_statement,Create/edit future dispatch,Cancel before delivery,G001-G009,FULL_CLAUSE_OUTCOME_PROOF_OPEN,False,False,False
v2:SCHED-007,scheduling,Concepts/chat-assistant-concepts/5.6 Pro/reports/REDESIGN_TRACEABILITY.json#SCHED-007,PM_Assistant_v2_Additive_Correction_v4/reference/V2_REQUIREMENTS_SNAPSHOT.json#SCHED-007,Recurring windows resume the same unfinished run and never start duplicate nightly builds.,mirrored_exact_v2_statement,Create/edit future dispatch,Cancel before delivery,G001-G009,FULL_CLAUSE_OUTCOME_PROOF_OPEN,False,False,False
v2:SCHED-008,scheduling,Concepts/chat-assistant-concepts/5.6 Pro/reports/REDESIGN_TRACEABILITY.json#SCHED-008,PM_Assistant_v2_Additive_Correction_v4/reference/V2_REQUIREMENTS_SNAPSHOT.json#SCHED-008,"Usage exhaustion shows reset time with provider_reported, locally_inferred, user_supplied or unknown truth.",mirrored_exact_v2_statement,Create/edit future dispatch,Cancel before delivery,G001-G009,FULL_CLAUSE_OUTCOME_PROOF_OPEN,False,False,False
v2:SCHED-009,scheduling,Concepts/chat-assistant-concepts/5.6 Pro/reports/REDESIGN_TRACEABILITY.json#SCHED-009,PM_Assistant_v2_Additive_Correction_v4/reference/V2_REQUIREMENTS_SNAPSHOT.json#SCHED-009,Auto-resume requires explicit per-run consent by default and persists server-side.,mirrored_exact_v2_statement,Create/edit future dispatch,Cancel before delivery,G001-G009,FULL_CLAUSE_OUTCOME_PROOF_OPEN,False,False,False
v2:SCHED-010,scheduling,Concepts/chat-assistant-concepts/5.6 Pro/reports/REDESIGN_TRACEABILITY.json#SCHED-010,PM_Assistant_v2_Additive_Correction_v4/reference/V2_REQUIREMENTS_SNAPSHOT.json#SCHED-010,"Auto-resume revalidates provider/account, Plan version, project/worktree, permissions/tools and execution window.",mirrored_exact_v2_statement,Create/edit future dispatch,Cancel before delivery,G001-G009,FULL_CLAUSE_OUTCOME_PROOF_OPEN,False,False,False
v2:SCHED-011,scheduling,Concepts/chat-assistant-concepts/5.6 Pro/reports/REDESIGN_TRACEABILITY.json#SCHED-011,PM_Assistant_v2_Additive_Correction_v4/reference/V2_REQUIREMENTS_SNAPSHOT.json#SCHED-011,"Manual Stop/Cancel/Pause always overrides schedules, quota reset and Goal continuation.",mirrored_exact_v2_statement,Create/edit future dispatch,Cancel before delivery,G001-G009,FULL_CLAUSE_OUTCOME_PROOF_OPEN,False,False,False
v2:SCHED-012,scheduling,Concepts/chat-assistant-concepts/5.6 Pro/reports/REDESIGN_TRACEABILITY.json#SCHED-012,PM_Assistant_v2_Additive_Correction_v4/reference/V2_REQUIREMENTS_SNAPSHOT.json#SCHED-012,Scheduled dispatch and resume are idempotent and survive client closure/restart.,mirrored_exact_v2_statement,Create/edit future dispatch,Cancel before delivery,G001-G009,FULL_CLAUSE_OUTCOME_PROOF_OPEN,False,False,False
v2:FEATURE-001,teach,Concepts/chat-assistant-concepts/5.6 Pro/reports/REDESIGN_TRACEABILITY.json#FEATURE-001,PM_Assistant_v2_Additive_Correction_v4/reference/V2_REQUIREMENTS_SNAPSHOT.json#FEATURE-001,Teach is user-to-Puppet-Master durable teaching through /teach and explicit natural language.,mirrored_exact_v2_statement,Capture explicit teaching,Correct by supersession,—,FULL_CLAUSE_OUTCOME_PROOF_OPEN,False,False,False
v2:FEATURE-002,teacher,Concepts/chat-assistant-concepts/5.6 Pro/reports/REDESIGN_TRACEABILITY.json#FEATURE-002,PM_Assistant_v2_Additive_Correction_v4/reference/V2_REQUIREMENTS_SNAPSHOT.json#FEATURE-002,Teacher is a separate Persona that explains Puppet Master and does not equal Teach.,mirrored_exact_v2_statement,Explain a PM control,Explain a workflow using Teacher Persona,—,FULL_CLAUSE_OUTCOME_PROOF_OPEN,False,False,False
v2:FEATURE-003,assistant-memory,Concepts/chat-assistant-concepts/5.6 Pro/reports/REDESIGN_TRACEABILITY.json#FEATURE-003,PM_Assistant_v2_Additive_Correction_v4/reference/V2_REQUIREMENTS_SNAPSHOT.json#FEATURE-003,Automatic Assistant memory at run boundaries/milestones remains enabled under the memory owner.,mirrored_exact_v2_statement,Inspect automatic capture,Preserve locked teaching during reconciliation,—,FULL_CLAUSE_OUTCOME_PROOF_OPEN,False,False,False
v2:FEATURE-004,assistant-memory,Concepts/chat-assistant-concepts/5.6 Pro/reports/REDESIGN_TRACEABILITY.json#FEATURE-004,PM_Assistant_v2_Additive_Correction_v4/reference/V2_REQUIREMENTS_SNAPSHOT.json#FEATURE-004,Explicit taught/locked memory cannot be silently overridden by automatic memory.,mirrored_exact_v2_statement,Inspect automatic capture,Preserve locked teaching during reconciliation,—,FULL_CLAUSE_OUTCOME_PROOF_OPEN,False,False,False
v2:FEATURE-005,eli5,Concepts/chat-assistant-concepts/5.6 Pro/reports/REDESIGN_TRACEABILITY.json#FEATURE-005,PM_Assistant_v2_Additive_Correction_v4/reference/V2_REQUIREMENTS_SNAPSHOT.json#FEATURE-005,ELI5 has an application/project default and independent per-thread override.,mirrored_exact_v2_statement,Per-thread explanation override,Reset to default without altering work products,"G030,G097",FULL_CLAUSE_OUTCOME_PROOF_OPEN,False,False,False
v2:FEATURE-006,eli5,Concepts/chat-assistant-concepts/5.6 Pro/reports/REDESIGN_TRACEABILITY.json#FEATURE-006,PM_Assistant_v2_Additive_Correction_v4/reference/V2_REQUIREMENTS_SNAPSHOT.json#FEATURE-006,"ELI5 changes explanation style only and never mutates code, Plan, artifact, evidence or identifiers.",mirrored_exact_v2_statement,Per-thread explanation override,Reset to default without altering work products,"G030,G097",FULL_CLAUSE_OUTCOME_PROOF_OPEN,False,False,False
v2:FEATURE-007,debug,Concepts/chat-assistant-concepts/5.6 Pro/reports/REDESIGN_TRACEABILITY.json#FEATURE-007,PM_Assistant_v2_Additive_Correction_v4/reference/V2_REQUIREMENTS_SNAPSHOT.json#FEATURE-007,"Debug remains a primary mode and implements target, baseline, instrumentation, reproduction, analysis, repair, verification and cleanup.",mirrored_exact_v2_statement,Progress through investigation phases,Recover interruption and verify cleanup,"G033,G034,G111",FULL_CLAUSE_OUTCOME_PROOF_OPEN,False,False,False
v2:FEATURE-008,debug,Concepts/chat-assistant-concepts/5.6 Pro/reports/REDESIGN_TRACEABILITY.json#FEATURE-008,PM_Assistant_v2_Additive_Correction_v4/reference/V2_REQUIREMENTS_SNAPSHOT.json#FEATURE-008,"Debug exposes Investigation Context, revalidation, failure/recovery, redaction/revocation and bundle handling.",mirrored_exact_v2_statement,Progress through investigation phases,Recover interruption and verify cleanup,"G033,G034,G111",FULL_CLAUSE_OUTCOME_PROOF_OPEN,False,False,False
v2:FEATURE-009,revert,Concepts/chat-assistant-concepts/5.6 Pro/reports/REDESIGN_TRACEABILITY.json#FEATURE-009,PM_Assistant_v2_Additive_Correction_v4/reference/V2_REQUIREMENTS_SNAPSHOT.json#FEATURE-009,Revert Last Agent Edit dispatches the existing whole-turn cmd.chat.revert and is distinct from Rewind.,mirrored_exact_v2_statement,Preview/apply eligible whole-turn revert,Refuse conflicting/ineligible revert,G031,FULL_CLAUSE_OUTCOME_PROOF_OPEN,False,False,False
v2:FEATURE-010,context-lens,Concepts/chat-assistant-concepts/5.6 Pro/reports/REDESIGN_TRACEABILITY.json#FEATURE-010,PM_Assistant_v2_Additive_Correction_v4/reference/V2_REQUIREMENTS_SNAPSHOT.json#FEATURE-010,Context Lens remains a top-of-chat header control and is not in the wand.,mirrored_exact_v2_statement,Focus or mute selected region,Preview then apply/cancel Subcompact in flow,"G017,G018,G092-G096",FULL_CLAUSE_OUTCOME_PROOF_OPEN,False,False,False
v2:PROVIDER-001,provider-control,Concepts/chat-assistant-concepts/5.6 Pro/reports/REDESIGN_TRACEABILITY.json#PROVIDER-001,PM_Assistant_v2_Additive_Correction_v4/reference/V2_REQUIREMENTS_SNAPSHOT.json#PROVIDER-001,"Puppet Master owns canonical Goal, Plan, To-Do, tools, MCP, Skills, permissions, subagents, artifacts and workflow state across providers.",mirrored_exact_v2_statement,Account-specific route identity,Truthful constrained/unavailable capabilities,G124-G127,FULL_CLAUSE_OUTCOME_PROOF_OPEN,False,False,False
v2:PROVIDER-002,provider-control,Concepts/chat-assistant-concepts/5.6 Pro/reports/REDESIGN_TRACEABILITY.json#PROVIDER-002,PM_Assistant_v2_Additive_Correction_v4/reference/V2_REQUIREMENTS_SNAPSHOT.json#PROVIDER-002,"Provider-native systems are disabled, redirected, projected or retained as noncanonical observations in that order.",mirrored_exact_v2_statement,Account-specific route identity,Truthful constrained/unavailable capabilities,G124-G127,FULL_CLAUSE_OUTCOME_PROOF_OPEN,False,False,False
v2:PROVIDER-003,provider-control,Concepts/chat-assistant-concepts/5.6 Pro/reports/REDESIGN_TRACEABILITY.json#PROVIDER-003,PM_Assistant_v2_Additive_Correction_v4/reference/V2_REQUIREMENTS_SNAPSHOT.json#PROVIDER-003,Provider session IDs are correlation only and never replace PM thread/workflow/object identity.,mirrored_exact_v2_statement,Account-specific route identity,Truthful constrained/unavailable capabilities,G124-G127,FULL_CLAUSE_OUTCOME_PROOF_OPEN,False,False,False
v2:PROVIDER-004,provider-control,Concepts/chat-assistant-concepts/5.6 Pro/reports/REDESIGN_TRACEABILITY.json#PROVIDER-004,PM_Assistant_v2_Additive_Correction_v4/reference/V2_REQUIREMENTS_SNAPSHOT.json#PROVIDER-004,Adapters publish a closed capability matrix with source/currentness.,mirrored_exact_v2_statement,Account-specific route identity,Truthful constrained/unavailable capabilities,G124-G127,FULL_CLAUSE_OUTCOME_PROOF_OPEN,False,False,False
v2:PROVIDER-005,provider-control,Concepts/chat-assistant-concepts/5.6 Pro/reports/REDESIGN_TRACEABILITY.json#PROVIDER-005,PM_Assistant_v2_Additive_Correction_v4/reference/V2_REQUIREMENTS_SNAPSHOT.json#PROVIDER-005,"Each run discloses Full, Constrained or Provider-managed execution control tier.",mirrored_exact_v2_statement,Account-specific route identity,Truthful constrained/unavailable capabilities,G124-G127,FULL_CLAUSE_OUTCOME_PROOF_OPEN,False,False,False
v2:PROVIDER-006,provider-control,Concepts/chat-assistant-concepts/5.6 Pro/reports/REDESIGN_TRACEABILITY.json#PROVIDER-006,PM_Assistant_v2_Additive_Correction_v4/reference/V2_REQUIREMENTS_SNAPSHOT.json#PROVIDER-006,Host Tool Execution is preferred; delegated execution is isolated and reconciled; reasoning-only is fallback.,mirrored_exact_v2_statement,Account-specific route identity,Truthful constrained/unavailable capabilities,G124-G127,FULL_CLAUSE_OUTCOME_PROOF_OPEN,False,False,False
v2:PROVIDER-007,provider-control,Concepts/chat-assistant-concepts/5.6 Pro/reports/REDESIGN_TRACEABILITY.json#PROVIDER-007,PM_Assistant_v2_Additive_Correction_v4/reference/V2_REQUIREMENTS_SNAPSHOT.json#PROVIDER-007,Provider-native To-Do/Plan/Goal state cannot directly mutate PM canon.,mirrored_exact_v2_statement,Account-specific route identity,Truthful constrained/unavailable capabilities,G124-G127,FULL_CLAUSE_OUTCOME_PROOF_OPEN,False,False,False
v2:PROVIDER-008,provider-control,Concepts/chat-assistant-concepts/5.6 Pro/reports/REDESIGN_TRACEABILITY.json#PROVIDER-008,PM_Assistant_v2_Additive_Correction_v4/reference/V2_REQUIREMENTS_SNAPSHOT.json#PROVIDER-008,Fresh Review and blind BrainStorm claims require truly independent sessions or truthful constrained disclosure.,mirrored_exact_v2_statement,Account-specific route identity,Truthful constrained/unavailable capabilities,G124-G127,FULL_CLAUSE_OUTCOME_PROOF_OPEN,False,False,False
v2:PROVIDER-009,provider-control,Concepts/chat-assistant-concepts/5.6 Pro/reports/REDESIGN_TRACEABILITY.json#PROVIDER-009,PM_Assistant_v2_Additive_Correction_v4/reference/V2_REQUIREMENTS_SNAPSHOT.json#PROVIDER-009,"Attachment materialization accurately describes full file, excerpt, vision or omission.",mirrored_exact_v2_statement,Account-specific route identity,Truthful constrained/unavailable capabilities,G124-G127,FULL_CLAUSE_OUTCOME_PROOF_OPEN,False,False,False
v2:PROVIDER-010,provider-control,Concepts/chat-assistant-concepts/5.6 Pro/reports/REDESIGN_TRACEABILITY.json#PROVIDER-010,PM_Assistant_v2_Additive_Correction_v4/reference/V2_REQUIREMENTS_SNAPSHOT.json#PROVIDER-010,Provider Usage/reset truth is labeled and never fabricated.,mirrored_exact_v2_statement,Account-specific route identity,Truthful constrained/unavailable capabilities,G124-G127,FULL_CLAUSE_OUTCOME_PROOF_OPEN,False,False,False
v2:PROVIDER-011,provider-control,Concepts/chat-assistant-concepts/5.6 Pro/reports/REDESIGN_TRACEABILITY.json#PROVIDER-011,PM_Assistant_v2_Additive_Correction_v4/reference/V2_REQUIREMENTS_SNAPSHOT.json#PROVIDER-011,Official CLI authentication remains owned by official CLI; direct API credentials remain PM-secure.,mirrored_exact_v2_statement,Account-specific route identity,Truthful constrained/unavailable capabilities,G124-G127,FULL_CLAUSE_OUTCOME_PROOF_OPEN,False,False,False
v2:PROVIDER-012,provider-control,Concepts/chat-assistant-concepts/5.6 Pro/reports/REDESIGN_TRACEABILITY.json#PROVIDER-012,PM_Assistant_v2_Additive_Correction_v4/reference/V2_REQUIREMENTS_SNAPSHOT.json#PROVIDER-012,Private Usage telemetry is not execution/auth authority.,mirrored_exact_v2_statement,Account-specific route identity,Truthful constrained/unavailable capabilities,G124-G127,FULL_CLAUSE_OUTCOME_PROOF_OPEN,False,False,False
v2:GUI-001,assistant-layout,Concepts/chat-assistant-concepts/5.6 Pro/reports/REDESIGN_TRACEABILITY.json#GUI-001,PM_Assistant_v2_Additive_Correction_v4/reference/V2_REQUIREMENTS_SNAPSHOT.json#GUI-001,"Current selected concept defaults, menus, questionnaires, history, Context, Orbit/Step Rail, themes and Stop/queue behavior are preserved.",mirrored_exact_v2_statement,Pinned History and Activity coexist,"Open document, resize, return to chat",—,FULL_CLAUSE_OUTCOME_PROOF_OPEN,False,False,False
v2:GUI-002,assistant-layout,Concepts/chat-assistant-concepts/5.6 Pro/reports/REDESIGN_TRACEABILITY.json#GUI-002,PM_Assistant_v2_Additive_Correction_v4/reference/V2_REQUIREMENTS_SNAPSHOT.json#GUI-002,"Activity domains include Goal, To-Dos, Subagents, Crew, BrainStorm, Review, Chat Room, Changes and Artifacts when relevant.",mirrored_exact_v2_statement,Pinned History and Activity coexist,"Open document, resize, return to chat",—,FULL_CLAUSE_OUTCOME_PROOF_OPEN,False,False,False
v2:GUI-003,assistant-layout,Concepts/chat-assistant-concepts/5.6 Pro/reports/REDESIGN_TRACEABILITY.json#GUI-003,PM_Assistant_v2_Additive_Correction_v4/reference/V2_REQUIREMENTS_SNAPSHOT.json#GUI-003,Goal and To-Dos are Activity-only; collaborative workflows and Plans have transcript cards.,mirrored_exact_v2_statement,Pinned History and Activity coexist,"Open document, resize, return to chat",—,FULL_CLAUSE_OUTCOME_PROOF_OPEN,False,False,False
v2:GUI-004,assistant-layout,Concepts/chat-assistant-concepts/5.6 Pro/reports/REDESIGN_TRACEABILITY.json#GUI-004,PM_Assistant_v2_Additive_Correction_v4/reference/V2_REQUIREMENTS_SNAPSHOT.json#GUI-004,Plan card defaults Rich and shows exact status control labels.,mirrored_exact_v2_statement,Pinned History and Activity coexist,"Open document, resize, return to chat",—,FULL_CLAUSE_OUTCOME_PROOF_OPEN,False,False,False
v2:GUI-005,assistant-layout,Concepts/chat-assistant-concepts/5.6 Pro/reports/REDESIGN_TRACEABILITY.json#GUI-005,PM_Assistant_v2_Additive_Correction_v4/reference/V2_REQUIREMENTS_SNAPSHOT.json#GUI-005,Multi-agent cards expand recent detail and open full panels.,mirrored_exact_v2_statement,Pinned History and Activity coexist,"Open document, resize, return to chat",—,FULL_CLAUSE_OUTCOME_PROOF_OPEN,False,False,False
v2:GUI-006,assistant-layout,Concepts/chat-assistant-concepts/5.6 Pro/reports/REDESIGN_TRACEABILITY.json#GUI-006,PM_Assistant_v2_Additive_Correction_v4/reference/V2_REQUIREMENTS_SNAPSHOT.json#GUI-006,Participant rows are fully clickable.,mirrored_exact_v2_statement,Pinned History and Activity coexist,"Open document, resize, return to chat",—,FULL_CLAUSE_OUTCOME_PROOF_OPEN,False,False,False
v2:GUI-007,assistant-layout,Concepts/chat-assistant-concepts/5.6 Pro/reports/REDESIGN_TRACEABILITY.json#GUI-007,PM_Assistant_v2_Additive_Correction_v4/reference/V2_REQUIREMENTS_SNAPSHOT.json#GUI-007,"Attachment tray, destination ribbon and quota strip coexist without clipping.",mirrored_exact_v2_statement,Pinned History and Activity coexist,"Open document, resize, return to chat",—,FULL_CLAUSE_OUTCOME_PROOF_OPEN,False,False,False
v2:GUI-008,assistant-layout,Concepts/chat-assistant-concepts/5.6 Pro/reports/REDESIGN_TRACEABILITY.json#GUI-008,PM_Assistant_v2_Additive_Correction_v4/reference/V2_REQUIREMENTS_SNAPSHOT.json#GUI-008,All new UI uses existing theme tokens/SVG/motion grammar and avoids left accent bars/excess padding.,mirrored_exact_v2_statement,Pinned History and Activity coexist,"Open document, resize, return to chat",—,FULL_CLAUSE_OUTCOME_PROOF_OPEN,False,False,False
v2:GUI-009,assistant-layout,Concepts/chat-assistant-concepts/5.6 Pro/reports/REDESIGN_TRACEABILITY.json#GUI-009,PM_Assistant_v2_Additive_Correction_v4/reference/V2_REQUIREMENTS_SNAPSHOT.json#GUI-009,Chat updates file is updated by replacing obsolete truth.,mirrored_exact_v2_statement,Pinned History and Activity coexist,"Open document, resize, return to chat",—,FULL_CLAUSE_OUTCOME_PROOF_OPEN,False,False,False
v2:GUI-010,assistant-layout,Concepts/chat-assistant-concepts/5.6 Pro/reports/REDESIGN_TRACEABILITY.json#GUI-010,PM_Assistant_v2_Additive_Correction_v4/reference/V2_REQUIREMENTS_SNAPSHOT.json#GUI-010,Concept source modules are modified and both generated HTML files rebuilt and byte-checked.,mirrored_exact_v2_statement,Pinned History and Activity coexist,"Open document, resize, return to chat",—,FULL_CLAUSE_OUTCOME_PROOF_OPEN,False,False,False
v2:GUI-011,assistant-layout,Concepts/chat-assistant-concepts/5.6 Pro/reports/REDESIGN_TRACEABILITY.json#GUI-011,PM_Assistant_v2_Additive_Correction_v4/reference/V2_REQUIREMENTS_SNAPSHOT.json#GUI-011,Required interactions cannot be implemented as toast-only simulation.,mirrored_exact_v2_statement,Pinned History and Activity coexist,"Open document, resize, return to chat",—,FULL_CLAUSE_OUTCOME_PROOF_OPEN,False,False,False
v2:DRY-001,commands-governance,Concepts/chat-assistant-concepts/5.6 Pro/reports/REDESIGN_TRACEABILITY.json#DRY-001,PM_Assistant_v2_Additive_Correction_v4/reference/V2_REQUIREMENTS_SNAPSHOT.json#DRY-001,Each semantic system has one owner and Assistant/Settings consume projections rather than duplicate runtime.,mirrored_exact_v2_statement,Trace canonical command reuse,Validate derived currentness separately,—,FULL_CLAUSE_OUTCOME_PROOF_OPEN,False,False,False
v2:DRY-002,commands-governance,Concepts/chat-assistant-concepts/5.6 Pro/reports/REDESIGN_TRACEABILITY.json#DRY-002,PM_Assistant_v2_Additive_Correction_v4/reference/V2_REQUIREMENTS_SNAPSHOT.json#DRY-002,Every mutating UI action uses a registered command or explicitly documented local-only view action.,mirrored_exact_v2_statement,Trace canonical command reuse,Validate derived currentness separately,—,FULL_CLAUSE_OUTCOME_PROOF_OPEN,False,False,False
v2:DRY-003,commands-governance,Concepts/chat-assistant-concepts/5.6 Pro/reports/REDESIGN_TRACEABILITY.json#DRY-003,PM_Assistant_v2_Additive_Correction_v4/reference/V2_REQUIREMENTS_SNAPSHOT.json#DRY-003,"Every command has typed request/result/error/availability, one handler, currentness, permission and idempotency.",mirrored_exact_v2_statement,Trace canonical command reuse,Validate derived currentness separately,—,FULL_CLAUSE_OUTCOME_PROOF_OPEN,False,False,False
v2:DRY-004,commands-governance,Concepts/chat-assistant-concepts/5.6 Pro/reports/REDESIGN_TRACEABILITY.json#DRY-004,PM_Assistant_v2_Additive_Correction_v4/reference/V2_REQUIREMENTS_SNAPSHOT.json#DRY-004,Every persisted effect has Event Authority admission or an explicit receipt-only disposition.,mirrored_exact_v2_statement,Trace canonical command reuse,Validate derived currentness separately,—,FULL_CLAUSE_OUTCOME_PROOF_OPEN,False,False,False
v2:DRY-005,commands-governance,Concepts/chat-assistant-concepts/5.6 Pro/reports/REDESIGN_TRACEABILITY.json#DRY-005,PM_Assistant_v2_Additive_Correction_v4/reference/V2_REQUIREMENTS_SNAPSHOT.json#DRY-005,Production wiring includes forward and reverse GUI coverage.,mirrored_exact_v2_statement,Trace canonical command reuse,Validate derived currentness separately,—,FULL_CLAUSE_OUTCOME_PROOF_OPEN,False,False,False
v2:DRY-006,commands-governance,Concepts/chat-assistant-concepts/5.6 Pro/reports/REDESIGN_TRACEABILITY.json#DRY-006,PM_Assistant_v2_Additive_Correction_v4/reference/V2_REQUIREMENTS_SNAPSHOT.json#DRY-006,Settings managers route domain operations and do not own runtime records.,mirrored_exact_v2_statement,Trace canonical command reuse,Validate derived currentness separately,—,FULL_CLAUSE_OUTCOME_PROOF_OPEN,False,False,False
v2:DRY-007,commands-governance,Concepts/chat-assistant-concepts/5.6 Pro/reports/REDESIGN_TRACEABILITY.json#DRY-007,PM_Assistant_v2_Additive_Correction_v4/reference/V2_REQUIREMENTS_SNAPSHOT.json#DRY-007,Generated governance is refreshed only after live source stabilization.,mirrored_exact_v2_statement,Trace canonical command reuse,Validate derived currentness separately,—,FULL_CLAUSE_OUTCOME_PROOF_OPEN,False,False,False
v2:DRY-008,commands-governance,Concepts/chat-assistant-concepts/5.6 Pro/reports/REDESIGN_TRACEABILITY.json#DRY-008,PM_Assistant_v2_Additive_Correction_v4/reference/V2_REQUIREMENTS_SNAPSHOT.json#DRY-008,"Packet, canonical, concept and native tests are not conflated.",mirrored_exact_v2_statement,Trace canonical command reuse,Validate derived currentness separately,—,FULL_CLAUSE_OUTCOME_PROOF_OPEN,False,False,False
v4:QMAX-001,question-budget,Concepts/chat-assistant-concepts/5.6 Pro/reports/CORRECTION_V4_TRACEABILITY.json#QMAX-001,PM_Assistant_v2_Additive_Correction_v4/machine/correction_requirements.json#QMAX-001,,full_wording_in_companion_source_freeze_not_replaced_by_audit_summary,Typed nonfatal refusal at exact base,Late Grill +25 without resetting answers,"G015,G063-G065",FULL_CLAUSE_OUTCOME_PROOF_OPEN,False,False,False
v4:QMAX-002,question-budget,Concepts/chat-assistant-concepts/5.6 Pro/reports/CORRECTION_V4_TRACEABILITY.json#QMAX-002,PM_Assistant_v2_Additive_Correction_v4/machine/correction_requirements.json#QMAX-002,,full_wording_in_companion_source_freeze_not_replaced_by_audit_summary,Typed nonfatal refusal at exact base,Late Grill +25 without resetting answers,"G015,G063-G065",FULL_CLAUSE_OUTCOME_PROOF_OPEN,False,False,False
v4:QMAX-003,question-budget,Concepts/chat-assistant-concepts/5.6 Pro/reports/CORRECTION_V4_TRACEABILITY.json#QMAX-003,PM_Assistant_v2_Additive_Correction_v4/machine/correction_requirements.json#QMAX-003,,full_wording_in_companion_source_freeze_not_replaced_by_audit_summary,Typed nonfatal refusal at exact base,Late Grill +25 without resetting answers,"G015,G063-G065",FULL_CLAUSE_OUTCOME_PROOF_OPEN,False,False,False
v4:QMAX-004,question-budget,Concepts/chat-assistant-concepts/5.6 Pro/reports/CORRECTION_V4_TRACEABILITY.json#QMAX-004,PM_Assistant_v2_Additive_Correction_v4/machine/correction_requirements.json#QMAX-004,,full_wording_in_companion_source_freeze_not_replaced_by_audit_summary,Typed nonfatal refusal at exact base,Late Grill +25 without resetting answers,"G015,G063-G065",FULL_CLAUSE_OUTCOME_PROOF_OPEN,False,False,False
v4:QMAX-005,question-budget,Concepts/chat-assistant-concepts/5.6 Pro/reports/CORRECTION_V4_TRACEABILITY.json#QMAX-005,PM_Assistant_v2_Additive_Correction_v4/machine/correction_requirements.json#QMAX-005,,full_wording_in_companion_source_freeze_not_replaced_by_audit_summary,Typed nonfatal refusal at exact base,Late Grill +25 without resetting answers,"G015,G063-G065",FULL_CLAUSE_OUTCOME_PROOF_OPEN,False,False,False
v4:QMAX-006,question-budget,Concepts/chat-assistant-concepts/5.6 Pro/reports/CORRECTION_V4_TRACEABILITY.json#QMAX-006,PM_Assistant_v2_Additive_Correction_v4/machine/correction_requirements.json#QMAX-006,,full_wording_in_companion_source_freeze_not_replaced_by_audit_summary,Typed nonfatal refusal at exact base,Late Grill +25 without resetting answers,"G015,G063-G065",FULL_CLAUSE_OUTCOME_PROOF_OPEN,False,False,False
v4:QMAX-007,question-budget,Concepts/chat-assistant-concepts/5.6 Pro/reports/CORRECTION_V4_TRACEABILITY.json#QMAX-007,PM_Assistant_v2_Additive_Correction_v4/machine/correction_requirements.json#QMAX-007,,full_wording_in_companion_source_freeze_not_replaced_by_audit_summary,Typed nonfatal refusal at exact base,Late Grill +25 without resetting answers,"G015,G063-G065",FULL_CLAUSE_OUTCOME_PROOF_OPEN,False,False,False
v4:QMAX-008,question-budget,Concepts/chat-assistant-concepts/5.6 Pro/reports/CORRECTION_V4_TRACEABILITY.json#QMAX-008,PM_Assistant_v2_Additive_Correction_v4/machine/correction_requirements.json#QMAX-008,,full_wording_in_companion_source_freeze_not_replaced_by_audit_summary,Typed nonfatal refusal at exact base,Late Grill +25 without resetting answers,"G015,G063-G065",FULL_CLAUSE_OUTCOME_PROOF_OPEN,False,False,False
v4:QMAX-009,question-budget,Concepts/chat-assistant-concepts/5.6 Pro/reports/CORRECTION_V4_TRACEABILITY.json#QMAX-009,PM_Assistant_v2_Additive_Correction_v4/machine/correction_requirements.json#QMAX-009,,full_wording_in_companion_source_freeze_not_replaced_by_audit_summary,Typed nonfatal refusal at exact base,Late Grill +25 without resetting answers,"G015,G063-G065",FULL_CLAUSE_OUTCOME_PROOF_OPEN,False,False,False
v4:QMAX-010,question-budget,Concepts/chat-assistant-concepts/5.6 Pro/reports/CORRECTION_V4_TRACEABILITY.json#QMAX-010,PM_Assistant_v2_Additive_Correction_v4/machine/correction_requirements.json#QMAX-010,,full_wording_in_companion_source_freeze_not_replaced_by_audit_summary,Typed nonfatal refusal at exact base,Late Grill +25 without resetting answers,"G015,G063-G065",FULL_CLAUSE_OUTCOME_PROOF_OPEN,False,False,False
v4:QMAX-011,question-budget,Concepts/chat-assistant-concepts/5.6 Pro/reports/CORRECTION_V4_TRACEABILITY.json#QMAX-011,PM_Assistant_v2_Additive_Correction_v4/machine/correction_requirements.json#QMAX-011,,full_wording_in_companion_source_freeze_not_replaced_by_audit_summary,Typed nonfatal refusal at exact base,Late Grill +25 without resetting answers,"G015,G063-G065",FULL_CLAUSE_OUTCOME_PROOF_OPEN,False,False,False
v4:QMAX-012,question-budget,Concepts/chat-assistant-concepts/5.6 Pro/reports/CORRECTION_V4_TRACEABILITY.json#QMAX-012,PM_Assistant_v2_Additive_Correction_v4/machine/correction_requirements.json#QMAX-012,,full_wording_in_companion_source_freeze_not_replaced_by_audit_summary,Typed nonfatal refusal at exact base,Late Grill +25 without resetting answers,"G015,G063-G065",FULL_CLAUSE_OUTCOME_PROOF_OPEN,False,False,False
v4:QMAX-013,question-budget,Concepts/chat-assistant-concepts/5.6 Pro/reports/CORRECTION_V4_TRACEABILITY.json#QMAX-013,PM_Assistant_v2_Additive_Correction_v4/machine/correction_requirements.json#QMAX-013,,full_wording_in_companion_source_freeze_not_replaced_by_audit_summary,Typed nonfatal refusal at exact base,Late Grill +25 without resetting answers,"G015,G063-G065",FULL_CLAUSE_OUTCOME_PROOF_OPEN,False,False,False
v4:QMAX-014,question-budget,Concepts/chat-assistant-concepts/5.6 Pro/reports/CORRECTION_V4_TRACEABILITY.json#QMAX-014,PM_Assistant_v2_Additive_Correction_v4/machine/correction_requirements.json#QMAX-014,,full_wording_in_companion_source_freeze_not_replaced_by_audit_summary,Typed nonfatal refusal at exact base,Late Grill +25 without resetting answers,"G015,G063-G065",FULL_CLAUSE_OUTCOME_PROOF_OPEN,False,False,False
v4:QMAX-015,question-budget,Concepts/chat-assistant-concepts/5.6 Pro/reports/CORRECTION_V4_TRACEABILITY.json#QMAX-015,PM_Assistant_v2_Additive_Correction_v4/machine/correction_requirements.json#QMAX-015,,full_wording_in_companion_source_freeze_not_replaced_by_audit_summary,Typed nonfatal refusal at exact base,Late Grill +25 without resetting answers,"G015,G063-G065",FULL_CLAUSE_OUTCOME_PROOF_OPEN,False,False,False
v4:QMAX-016,question-budget,Concepts/chat-assistant-concepts/5.6 Pro/reports/CORRECTION_V4_TRACEABILITY.json#QMAX-016,PM_Assistant_v2_Additive_Correction_v4/machine/correction_requirements.json#QMAX-016,,full_wording_in_companion_source_freeze_not_replaced_by_audit_summary,Typed nonfatal refusal at exact base,Late Grill +25 without resetting answers,"G015,G063-G065",FULL_CLAUSE_OUTCOME_PROOF_OPEN,False,False,False
v4:QMAX-017,question-budget,Concepts/chat-assistant-concepts/5.6 Pro/reports/CORRECTION_V4_TRACEABILITY.json#QMAX-017,PM_Assistant_v2_Additive_Correction_v4/machine/correction_requirements.json#QMAX-017,,full_wording_in_companion_source_freeze_not_replaced_by_audit_summary,Typed nonfatal refusal at exact base,Late Grill +25 without resetting answers,"G015,G063-G065",FULL_CLAUSE_OUTCOME_PROOF_OPEN,False,False,False
v4:QMAX-018,question-budget,Concepts/chat-assistant-concepts/5.6 Pro/reports/CORRECTION_V4_TRACEABILITY.json#QMAX-018,PM_Assistant_v2_Additive_Correction_v4/machine/correction_requirements.json#QMAX-018,,full_wording_in_companion_source_freeze_not_replaced_by_audit_summary,Typed nonfatal refusal at exact base,Late Grill +25 without resetting answers,"G015,G063-G065",FULL_CLAUSE_OUTCOME_PROOF_OPEN,False,False,False
v4:QMAX-019,question-budget,Concepts/chat-assistant-concepts/5.6 Pro/reports/CORRECTION_V4_TRACEABILITY.json#QMAX-019,PM_Assistant_v2_Additive_Correction_v4/machine/correction_requirements.json#QMAX-019,,full_wording_in_companion_source_freeze_not_replaced_by_audit_summary,Typed nonfatal refusal at exact base,Late Grill +25 without resetting answers,"G015,G063-G065",FULL_CLAUSE_OUTCOME_PROOF_OPEN,False,False,False
v4:QMAX-020,question-budget,Concepts/chat-assistant-concepts/5.6 Pro/reports/CORRECTION_V4_TRACEABILITY.json#QMAX-020,PM_Assistant_v2_Additive_Correction_v4/machine/correction_requirements.json#QMAX-020,,full_wording_in_companion_source_freeze_not_replaced_by_audit_summary,Typed nonfatal refusal at exact base,Late Grill +25 without resetting answers,"G015,G063-G065",FULL_CLAUSE_OUTCOME_PROOF_OPEN,False,False,False
v4:PPROG-001,plan-progress,Concepts/chat-assistant-concepts/5.6 Pro/reports/CORRECTION_V4_TRACEABILITY.json#PPROG-001,PM_Assistant_v2_Additive_Correction_v4/machine/correction_requirements.json#PPROG-001,,full_wording_in_companion_source_freeze_not_replaced_by_audit_summary,Parallel steps without changing approved prose,Reject stale projection callback,—,FULL_CLAUSE_OUTCOME_PROOF_OPEN,False,False,False
v4:PPROG-002,plan-progress,Concepts/chat-assistant-concepts/5.6 Pro/reports/CORRECTION_V4_TRACEABILITY.json#PPROG-002,PM_Assistant_v2_Additive_Correction_v4/machine/correction_requirements.json#PPROG-002,,full_wording_in_companion_source_freeze_not_replaced_by_audit_summary,Parallel steps without changing approved prose,Reject stale projection callback,—,FULL_CLAUSE_OUTCOME_PROOF_OPEN,False,False,False
v4:PPROG-003,plan-progress,Concepts/chat-assistant-concepts/5.6 Pro/reports/CORRECTION_V4_TRACEABILITY.json#PPROG-003,PM_Assistant_v2_Additive_Correction_v4/machine/correction_requirements.json#PPROG-003,,full_wording_in_companion_source_freeze_not_replaced_by_audit_summary,Parallel steps without changing approved prose,Reject stale projection callback,—,FULL_CLAUSE_OUTCOME_PROOF_OPEN,False,False,False
v4:PPROG-004,plan-progress,Concepts/chat-assistant-concepts/5.6 Pro/reports/CORRECTION_V4_TRACEABILITY.json#PPROG-004,PM_Assistant_v2_Additive_Correction_v4/machine/correction_requirements.json#PPROG-004,,full_wording_in_companion_source_freeze_not_replaced_by_audit_summary,Parallel steps without changing approved prose,Reject stale projection callback,—,FULL_CLAUSE_OUTCOME_PROOF_OPEN,False,False,False
v4:PPROG-005,plan-progress,Concepts/chat-assistant-concepts/5.6 Pro/reports/CORRECTION_V4_TRACEABILITY.json#PPROG-005,PM_Assistant_v2_Additive_Correction_v4/machine/correction_requirements.json#PPROG-005,,full_wording_in_companion_source_freeze_not_replaced_by_audit_summary,Parallel steps without changing approved prose,Reject stale projection callback,—,FULL_CLAUSE_OUTCOME_PROOF_OPEN,False,False,False
v4:PPROG-006,plan-progress,Concepts/chat-assistant-concepts/5.6 Pro/reports/CORRECTION_V4_TRACEABILITY.json#PPROG-006,PM_Assistant_v2_Additive_Correction_v4/machine/correction_requirements.json#PPROG-006,,full_wording_in_companion_source_freeze_not_replaced_by_audit_summary,Parallel steps without changing approved prose,Reject stale projection callback,—,FULL_CLAUSE_OUTCOME_PROOF_OPEN,False,False,False
v4:PPROG-007,plan-progress,Concepts/chat-assistant-concepts/5.6 Pro/reports/CORRECTION_V4_TRACEABILITY.json#PPROG-007,PM_Assistant_v2_Additive_Correction_v4/machine/correction_requirements.json#PPROG-007,,full_wording_in_companion_source_freeze_not_replaced_by_audit_summary,Parallel steps without changing approved prose,Reject stale projection callback,—,FULL_CLAUSE_OUTCOME_PROOF_OPEN,False,False,False
v4:PPROG-008,plan-progress,Concepts/chat-assistant-concepts/5.6 Pro/reports/CORRECTION_V4_TRACEABILITY.json#PPROG-008,PM_Assistant_v2_Additive_Correction_v4/machine/correction_requirements.json#PPROG-008,,full_wording_in_companion_source_freeze_not_replaced_by_audit_summary,Parallel steps without changing approved prose,Reject stale projection callback,—,FULL_CLAUSE_OUTCOME_PROOF_OPEN,False,False,False
v4:PPROG-009,plan-progress,Concepts/chat-assistant-concepts/5.6 Pro/reports/CORRECTION_V4_TRACEABILITY.json#PPROG-009,PM_Assistant_v2_Additive_Correction_v4/machine/correction_requirements.json#PPROG-009,,full_wording_in_companion_source_freeze_not_replaced_by_audit_summary,Parallel steps without changing approved prose,Reject stale projection callback,—,FULL_CLAUSE_OUTCOME_PROOF_OPEN,False,False,False
v4:PPROG-010,plan-progress,Concepts/chat-assistant-concepts/5.6 Pro/reports/CORRECTION_V4_TRACEABILITY.json#PPROG-010,PM_Assistant_v2_Additive_Correction_v4/machine/correction_requirements.json#PPROG-010,,full_wording_in_companion_source_freeze_not_replaced_by_audit_summary,Parallel steps without changing approved prose,Reject stale projection callback,—,FULL_CLAUSE_OUTCOME_PROOF_OPEN,False,False,False
v4:PPROG-011,plan-progress,Concepts/chat-assistant-concepts/5.6 Pro/reports/CORRECTION_V4_TRACEABILITY.json#PPROG-011,PM_Assistant_v2_Additive_Correction_v4/machine/correction_requirements.json#PPROG-011,,full_wording_in_companion_source_freeze_not_replaced_by_audit_summary,Parallel steps without changing approved prose,Reject stale projection callback,—,FULL_CLAUSE_OUTCOME_PROOF_OPEN,False,False,False
v4:PPROG-012,plan-progress,Concepts/chat-assistant-concepts/5.6 Pro/reports/CORRECTION_V4_TRACEABILITY.json#PPROG-012,PM_Assistant_v2_Additive_Correction_v4/machine/correction_requirements.json#PPROG-012,,full_wording_in_companion_source_freeze_not_replaced_by_audit_summary,Parallel steps without changing approved prose,Reject stale projection callback,—,FULL_CLAUSE_OUTCOME_PROOF_OPEN,False,False,False
v4:PPROG-013,plan-progress,Concepts/chat-assistant-concepts/5.6 Pro/reports/CORRECTION_V4_TRACEABILITY.json#PPROG-013,PM_Assistant_v2_Additive_Correction_v4/machine/correction_requirements.json#PPROG-013,,full_wording_in_companion_source_freeze_not_replaced_by_audit_summary,Parallel steps without changing approved prose,Reject stale projection callback,—,FULL_CLAUSE_OUTCOME_PROOF_OPEN,False,False,False
v4:PPROG-014,plan-progress,Concepts/chat-assistant-concepts/5.6 Pro/reports/CORRECTION_V4_TRACEABILITY.json#PPROG-014,PM_Assistant_v2_Additive_Correction_v4/machine/correction_requirements.json#PPROG-014,,full_wording_in_companion_source_freeze_not_replaced_by_audit_summary,Parallel steps without changing approved prose,Reject stale projection callback,—,FULL_CLAUSE_OUTCOME_PROOF_OPEN,False,False,False
v4:PPROG-015,plan-progress,Concepts/chat-assistant-concepts/5.6 Pro/reports/CORRECTION_V4_TRACEABILITY.json#PPROG-015,PM_Assistant_v2_Additive_Correction_v4/machine/correction_requirements.json#PPROG-015,,full_wording_in_companion_source_freeze_not_replaced_by_audit_summary,Parallel steps without changing approved prose,Reject stale projection callback,—,FULL_CLAUSE_OUTCOME_PROOF_OPEN,False,False,False
v4:PPROG-016,plan-progress,Concepts/chat-assistant-concepts/5.6 Pro/reports/CORRECTION_V4_TRACEABILITY.json#PPROG-016,PM_Assistant_v2_Additive_Correction_v4/machine/correction_requirements.json#PPROG-016,,full_wording_in_companion_source_freeze_not_replaced_by_audit_summary,Parallel steps without changing approved prose,Reject stale projection callback,—,FULL_CLAUSE_OUTCOME_PROOF_OPEN,False,False,False
v4:PPROG-017,plan-progress,Concepts/chat-assistant-concepts/5.6 Pro/reports/CORRECTION_V4_TRACEABILITY.json#PPROG-017,PM_Assistant_v2_Additive_Correction_v4/machine/correction_requirements.json#PPROG-017,,full_wording_in_companion_source_freeze_not_replaced_by_audit_summary,Parallel steps without changing approved prose,Reject stale projection callback,—,FULL_CLAUSE_OUTCOME_PROOF_OPEN,False,False,False
v4:PPROG-018,plan-progress,Concepts/chat-assistant-concepts/5.6 Pro/reports/CORRECTION_V4_TRACEABILITY.json#PPROG-018,PM_Assistant_v2_Additive_Correction_v4/machine/correction_requirements.json#PPROG-018,,full_wording_in_companion_source_freeze_not_replaced_by_audit_summary,Parallel steps without changing approved prose,Reject stale projection callback,—,FULL_CLAUSE_OUTCOME_PROOF_OPEN,False,False,False
v4:PFAIL-001,plan-recovery,Concepts/chat-assistant-concepts/5.6 Pro/reports/CORRECTION_V4_TRACEABILITY.json#PFAIL-001,PM_Assistant_v2_Additive_Correction_v4/machine/correction_requirements.json#PFAIL-001,,full_wording_in_companion_source_freeze_not_replaced_by_audit_summary,Pause/resume same unfinished PlanRun,Cancel and reject pending completion,—,FULL_CLAUSE_OUTCOME_PROOF_OPEN,False,False,False
v4:PFAIL-002,plan-recovery,Concepts/chat-assistant-concepts/5.6 Pro/reports/CORRECTION_V4_TRACEABILITY.json#PFAIL-002,PM_Assistant_v2_Additive_Correction_v4/machine/correction_requirements.json#PFAIL-002,,full_wording_in_companion_source_freeze_not_replaced_by_audit_summary,Pause/resume same unfinished PlanRun,Cancel and reject pending completion,—,FULL_CLAUSE_OUTCOME_PROOF_OPEN,False,False,False
v4:PFAIL-003,plan-recovery,Concepts/chat-assistant-concepts/5.6 Pro/reports/CORRECTION_V4_TRACEABILITY.json#PFAIL-003,PM_Assistant_v2_Additive_Correction_v4/machine/correction_requirements.json#PFAIL-003,,full_wording_in_companion_source_freeze_not_replaced_by_audit_summary,Pause/resume same unfinished PlanRun,Cancel and reject pending completion,—,FULL_CLAUSE_OUTCOME_PROOF_OPEN,False,False,False
v4:PFAIL-004,plan-recovery,Concepts/chat-assistant-concepts/5.6 Pro/reports/CORRECTION_V4_TRACEABILITY.json#PFAIL-004,PM_Assistant_v2_Additive_Correction_v4/machine/correction_requirements.json#PFAIL-004,,full_wording_in_companion_source_freeze_not_replaced_by_audit_summary,Pause/resume same unfinished PlanRun,Cancel and reject pending completion,—,FULL_CLAUSE_OUTCOME_PROOF_OPEN,False,False,False
v4:PFAIL-005,plan-recovery,Concepts/chat-assistant-concepts/5.6 Pro/reports/CORRECTION_V4_TRACEABILITY.json#PFAIL-005,PM_Assistant_v2_Additive_Correction_v4/machine/correction_requirements.json#PFAIL-005,,full_wording_in_companion_source_freeze_not_replaced_by_audit_summary,Pause/resume same unfinished PlanRun,Cancel and reject pending completion,—,FULL_CLAUSE_OUTCOME_PROOF_OPEN,False,False,False
v4:PFAIL-006,plan-recovery,Concepts/chat-assistant-concepts/5.6 Pro/reports/CORRECTION_V4_TRACEABILITY.json#PFAIL-006,PM_Assistant_v2_Additive_Correction_v4/machine/correction_requirements.json#PFAIL-006,,full_wording_in_companion_source_freeze_not_replaced_by_audit_summary,Pause/resume same unfinished PlanRun,Cancel and reject pending completion,—,FULL_CLAUSE_OUTCOME_PROOF_OPEN,False,False,False
v4:PFAIL-007,plan-recovery,Concepts/chat-assistant-concepts/5.6 Pro/reports/CORRECTION_V4_TRACEABILITY.json#PFAIL-007,PM_Assistant_v2_Additive_Correction_v4/machine/correction_requirements.json#PFAIL-007,,full_wording_in_companion_source_freeze_not_replaced_by_audit_summary,Pause/resume same unfinished PlanRun,Cancel and reject pending completion,—,FULL_CLAUSE_OUTCOME_PROOF_OPEN,False,False,False
v4:PFAIL-008,plan-recovery,Concepts/chat-assistant-concepts/5.6 Pro/reports/CORRECTION_V4_TRACEABILITY.json#PFAIL-008,PM_Assistant_v2_Additive_Correction_v4/machine/correction_requirements.json#PFAIL-008,,full_wording_in_companion_source_freeze_not_replaced_by_audit_summary,Pause/resume same unfinished PlanRun,Cancel and reject pending completion,—,FULL_CLAUSE_OUTCOME_PROOF_OPEN,False,False,False
v4:PFAIL-009,plan-recovery,Concepts/chat-assistant-concepts/5.6 Pro/reports/CORRECTION_V4_TRACEABILITY.json#PFAIL-009,PM_Assistant_v2_Additive_Correction_v4/machine/correction_requirements.json#PFAIL-009,,full_wording_in_companion_source_freeze_not_replaced_by_audit_summary,Pause/resume same unfinished PlanRun,Cancel and reject pending completion,—,FULL_CLAUSE_OUTCOME_PROOF_OPEN,False,False,False
v4:PFAIL-010,plan-recovery,Concepts/chat-assistant-concepts/5.6 Pro/reports/CORRECTION_V4_TRACEABILITY.json#PFAIL-010,PM_Assistant_v2_Additive_Correction_v4/machine/correction_requirements.json#PFAIL-010,,full_wording_in_companion_source_freeze_not_replaced_by_audit_summary,Pause/resume same unfinished PlanRun,Cancel and reject pending completion,—,FULL_CLAUSE_OUTCOME_PROOF_OPEN,False,False,False
v4:PDET-001,plan-records,Concepts/chat-assistant-concepts/5.6 Pro/reports/CORRECTION_V4_TRACEABILITY.json#PDET-001,PM_Assistant_v2_Additive_Correction_v4/machine/correction_requirements.json#PDET-001,,full_wording_in_companion_source_freeze_not_replaced_by_audit_summary,Stable tab and Rich/Markdown projection,Export with safe static embed fallbacks,"G019,G020,G073,G080,G084",FULL_CLAUSE_OUTCOME_PROOF_OPEN,False,False,False
v4:PDET-002,plan-records,Concepts/chat-assistant-concepts/5.6 Pro/reports/CORRECTION_V4_TRACEABILITY.json#PDET-002,PM_Assistant_v2_Additive_Correction_v4/machine/correction_requirements.json#PDET-002,,full_wording_in_companion_source_freeze_not_replaced_by_audit_summary,Stable tab and Rich/Markdown projection,Export with safe static embed fallbacks,"G019,G020,G073,G080,G084",FULL_CLAUSE_OUTCOME_PROOF_OPEN,False,False,False
v4:PDET-003,plan-records,Concepts/chat-assistant-concepts/5.6 Pro/reports/CORRECTION_V4_TRACEABILITY.json#PDET-003,PM_Assistant_v2_Additive_Correction_v4/machine/correction_requirements.json#PDET-003,,full_wording_in_companion_source_freeze_not_replaced_by_audit_summary,Stable tab and Rich/Markdown projection,Export with safe static embed fallbacks,"G019,G020,G073,G080,G084",FULL_CLAUSE_OUTCOME_PROOF_OPEN,False,False,False
v4:PDET-004,plan-records,Concepts/chat-assistant-concepts/5.6 Pro/reports/CORRECTION_V4_TRACEABILITY.json#PDET-004,PM_Assistant_v2_Additive_Correction_v4/machine/correction_requirements.json#PDET-004,,full_wording_in_companion_source_freeze_not_replaced_by_audit_summary,Stable tab and Rich/Markdown projection,Export with safe static embed fallbacks,"G019,G020,G073,G080,G084",FULL_CLAUSE_OUTCOME_PROOF_OPEN,False,False,False
v4:PDET-005,plan-records,Concepts/chat-assistant-concepts/5.6 Pro/reports/CORRECTION_V4_TRACEABILITY.json#PDET-005,PM_Assistant_v2_Additive_Correction_v4/machine/correction_requirements.json#PDET-005,,full_wording_in_companion_source_freeze_not_replaced_by_audit_summary,Stable tab and Rich/Markdown projection,Export with safe static embed fallbacks,"G019,G020,G073,G080,G084",FULL_CLAUSE_OUTCOME_PROOF_OPEN,False,False,False
v4:PDET-006,plan-records,Concepts/chat-assistant-concepts/5.6 Pro/reports/CORRECTION_V4_TRACEABILITY.json#PDET-006,PM_Assistant_v2_Additive_Correction_v4/machine/correction_requirements.json#PDET-006,,full_wording_in_companion_source_freeze_not_replaced_by_audit_summary,Stable tab and Rich/Markdown projection,Export with safe static embed fallbacks,"G019,G020,G073,G080,G084",FULL_CLAUSE_OUTCOME_PROOF_OPEN,False,False,False
v4:PDET-007,plan-records,Concepts/chat-assistant-concepts/5.6 Pro/reports/CORRECTION_V4_TRACEABILITY.json#PDET-007,PM_Assistant_v2_Additive_Correction_v4/machine/correction_requirements.json#PDET-007,,full_wording_in_companion_source_freeze_not_replaced_by_audit_summary,Stable tab and Rich/Markdown projection,Export with safe static embed fallbacks,"G019,G020,G073,G080,G084",FULL_CLAUSE_OUTCOME_PROOF_OPEN,False,False,False
v4:PDET-008,plan-records,Concepts/chat-assistant-concepts/5.6 Pro/reports/CORRECTION_V4_TRACEABILITY.json#PDET-008,PM_Assistant_v2_Additive_Correction_v4/machine/correction_requirements.json#PDET-008,,full_wording_in_companion_source_freeze_not_replaced_by_audit_summary,Stable tab and Rich/Markdown projection,Export with safe static embed fallbacks,"G019,G020,G073,G080,G084",FULL_CLAUSE_OUTCOME_PROOF_OPEN,False,False,False
v4:PDET-009,plan-records,Concepts/chat-assistant-concepts/5.6 Pro/reports/CORRECTION_V4_TRACEABILITY.json#PDET-009,PM_Assistant_v2_Additive_Correction_v4/machine/correction_requirements.json#PDET-009,,full_wording_in_companion_source_freeze_not_replaced_by_audit_summary,Stable tab and Rich/Markdown projection,Export with safe static embed fallbacks,"G019,G020,G073,G080,G084",FULL_CLAUSE_OUTCOME_PROOF_OPEN,False,False,False
v4:PDET-010,plan-records,Concepts/chat-assistant-concepts/5.6 Pro/reports/CORRECTION_V4_TRACEABILITY.json#PDET-010,PM_Assistant_v2_Additive_Correction_v4/machine/correction_requirements.json#PDET-010,,full_wording_in_companion_source_freeze_not_replaced_by_audit_summary,Stable tab and Rich/Markdown projection,Export with safe static embed fallbacks,"G019,G020,G073,G080,G084",FULL_CLAUSE_OUTCOME_PROOF_OPEN,False,False,False
v4:PDET-011,plan-records,Concepts/chat-assistant-concepts/5.6 Pro/reports/CORRECTION_V4_TRACEABILITY.json#PDET-011,PM_Assistant_v2_Additive_Correction_v4/machine/correction_requirements.json#PDET-011,,full_wording_in_companion_source_freeze_not_replaced_by_audit_summary,Stable tab and Rich/Markdown projection,Export with safe static embed fallbacks,"G019,G020,G073,G080,G084",FULL_CLAUSE_OUTCOME_PROOF_OPEN,False,False,False
v4:PDET-012,plan-records,Concepts/chat-assistant-concepts/5.6 Pro/reports/CORRECTION_V4_TRACEABILITY.json#PDET-012,PM_Assistant_v2_Additive_Correction_v4/machine/correction_requirements.json#PDET-012,,full_wording_in_companion_source_freeze_not_replaced_by_audit_summary,Stable tab and Rich/Markdown projection,Export with safe static embed fallbacks,"G019,G020,G073,G080,G084",FULL_CLAUSE_OUTCOME_PROOF_OPEN,False,False,False
v4:PGOAL-001,build-as-goal,Concepts/chat-assistant-concepts/5.6 Pro/reports/CORRECTION_V4_TRACEABILITY.json#PGOAL-001,PM_Assistant_v2_Additive_Correction_v4/machine/correction_requirements.json#PGOAL-001,,full_wording_in_companion_source_freeze_not_replaced_by_audit_summary,Build exact Plan as one bound Goal,Pause/cancel through Goal controls,—,FULL_CLAUSE_OUTCOME_PROOF_OPEN,False,False,False
v4:PGOAL-002,build-as-goal,Concepts/chat-assistant-concepts/5.6 Pro/reports/CORRECTION_V4_TRACEABILITY.json#PGOAL-002,PM_Assistant_v2_Additive_Correction_v4/machine/correction_requirements.json#PGOAL-002,,full_wording_in_companion_source_freeze_not_replaced_by_audit_summary,Build exact Plan as one bound Goal,Pause/cancel through Goal controls,—,FULL_CLAUSE_OUTCOME_PROOF_OPEN,False,False,False
v4:PGOAL-003,build-as-goal,Concepts/chat-assistant-concepts/5.6 Pro/reports/CORRECTION_V4_TRACEABILITY.json#PGOAL-003,PM_Assistant_v2_Additive_Correction_v4/machine/correction_requirements.json#PGOAL-003,,full_wording_in_companion_source_freeze_not_replaced_by_audit_summary,Build exact Plan as one bound Goal,Pause/cancel through Goal controls,—,FULL_CLAUSE_OUTCOME_PROOF_OPEN,False,False,False
v4:PGOAL-004,build-as-goal,Concepts/chat-assistant-concepts/5.6 Pro/reports/CORRECTION_V4_TRACEABILITY.json#PGOAL-004,PM_Assistant_v2_Additive_Correction_v4/machine/correction_requirements.json#PGOAL-004,,full_wording_in_companion_source_freeze_not_replaced_by_audit_summary,Build exact Plan as one bound Goal,Pause/cancel through Goal controls,—,FULL_CLAUSE_OUTCOME_PROOF_OPEN,False,False,False
v4:PGOAL-005,build-as-goal,Concepts/chat-assistant-concepts/5.6 Pro/reports/CORRECTION_V4_TRACEABILITY.json#PGOAL-005,PM_Assistant_v2_Additive_Correction_v4/machine/correction_requirements.json#PGOAL-005,,full_wording_in_companion_source_freeze_not_replaced_by_audit_summary,Build exact Plan as one bound Goal,Pause/cancel through Goal controls,—,FULL_CLAUSE_OUTCOME_PROOF_OPEN,False,False,False
v4:PGOAL-006,build-as-goal,Concepts/chat-assistant-concepts/5.6 Pro/reports/CORRECTION_V4_TRACEABILITY.json#PGOAL-006,PM_Assistant_v2_Additive_Correction_v4/machine/correction_requirements.json#PGOAL-006,,full_wording_in_companion_source_freeze_not_replaced_by_audit_summary,Build exact Plan as one bound Goal,Pause/cancel through Goal controls,—,FULL_CLAUSE_OUTCOME_PROOF_OPEN,False,False,False
v4:PGOAL-007,build-as-goal,Concepts/chat-assistant-concepts/5.6 Pro/reports/CORRECTION_V4_TRACEABILITY.json#PGOAL-007,PM_Assistant_v2_Additive_Correction_v4/machine/correction_requirements.json#PGOAL-007,,full_wording_in_companion_source_freeze_not_replaced_by_audit_summary,Build exact Plan as one bound Goal,Pause/cancel through Goal controls,—,FULL_CLAUSE_OUTCOME_PROOF_OPEN,False,False,False
v4:PGOAL-008,build-as-goal,Concepts/chat-assistant-concepts/5.6 Pro/reports/CORRECTION_V4_TRACEABILITY.json#PGOAL-008,PM_Assistant_v2_Additive_Correction_v4/machine/correction_requirements.json#PGOAL-008,,full_wording_in_companion_source_freeze_not_replaced_by_audit_summary,Build exact Plan as one bound Goal,Pause/cancel through Goal controls,—,FULL_CLAUSE_OUTCOME_PROOF_OPEN,False,False,False
v4:PGOAL-009,build-as-goal,Concepts/chat-assistant-concepts/5.6 Pro/reports/CORRECTION_V4_TRACEABILITY.json#PGOAL-009,PM_Assistant_v2_Additive_Correction_v4/machine/correction_requirements.json#PGOAL-009,,full_wording_in_companion_source_freeze_not_replaced_by_audit_summary,Build exact Plan as one bound Goal,Pause/cancel through Goal controls,—,FULL_CLAUSE_OUTCOME_PROOF_OPEN,False,False,False
v4:PGOAL-010,build-as-goal,Concepts/chat-assistant-concepts/5.6 Pro/reports/CORRECTION_V4_TRACEABILITY.json#PGOAL-010,PM_Assistant_v2_Additive_Correction_v4/machine/correction_requirements.json#PGOAL-010,,full_wording_in_companion_source_freeze_not_replaced_by_audit_summary,Build exact Plan as one bound Goal,Pause/cancel through Goal controls,—,FULL_CLAUSE_OUTCOME_PROOF_OPEN,False,False,False
v4:PGOAL-011,build-as-goal,Concepts/chat-assistant-concepts/5.6 Pro/reports/CORRECTION_V4_TRACEABILITY.json#PGOAL-011,PM_Assistant_v2_Additive_Correction_v4/machine/correction_requirements.json#PGOAL-011,,full_wording_in_companion_source_freeze_not_replaced_by_audit_summary,Build exact Plan as one bound Goal,Pause/cancel through Goal controls,—,FULL_CLAUSE_OUTCOME_PROOF_OPEN,False,False,False
v4:PGOAL-012,build-as-goal,Concepts/chat-assistant-concepts/5.6 Pro/reports/CORRECTION_V4_TRACEABILITY.json#PGOAL-012,PM_Assistant_v2_Additive_Correction_v4/machine/correction_requirements.json#PGOAL-012,,full_wording_in_companion_source_freeze_not_replaced_by_audit_summary,Build exact Plan as one bound Goal,Pause/cancel through Goal controls,—,FULL_CLAUSE_OUTCOME_PROOF_OPEN,False,False,False
v4:PGOAL-013,build-as-goal,Concepts/chat-assistant-concepts/5.6 Pro/reports/CORRECTION_V4_TRACEABILITY.json#PGOAL-013,PM_Assistant_v2_Additive_Correction_v4/machine/correction_requirements.json#PGOAL-013,,full_wording_in_companion_source_freeze_not_replaced_by_audit_summary,Build exact Plan as one bound Goal,Pause/cancel through Goal controls,—,FULL_CLAUSE_OUTCOME_PROOF_OPEN,False,False,False
v4:PGOAL-014,build-as-goal,Concepts/chat-assistant-concepts/5.6 Pro/reports/CORRECTION_V4_TRACEABILITY.json#PGOAL-014,PM_Assistant_v2_Additive_Correction_v4/machine/correction_requirements.json#PGOAL-014,,full_wording_in_companion_source_freeze_not_replaced_by_audit_summary,Build exact Plan as one bound Goal,Pause/cancel through Goal controls,—,FULL_CLAUSE_OUTCOME_PROOF_OPEN,False,False,False
v4:PGOAL-015,build-as-goal,Concepts/chat-assistant-concepts/5.6 Pro/reports/CORRECTION_V4_TRACEABILITY.json#PGOAL-015,PM_Assistant_v2_Additive_Correction_v4/machine/correction_requirements.json#PGOAL-015,,full_wording_in_companion_source_freeze_not_replaced_by_audit_summary,Build exact Plan as one bound Goal,Pause/cancel through Goal controls,—,FULL_CLAUSE_OUTCOME_PROOF_OPEN,False,False,False
v4:PSCHED-001,plan-scheduling,Concepts/chat-assistant-concepts/5.6 Pro/reports/CORRECTION_V4_TRACEABILITY.json#PSCHED-001,PM_Assistant_v2_Additive_Correction_v4/machine/correction_requirements.json#PSCHED-001,,full_wording_in_companion_source_freeze_not_replaced_by_audit_summary,Recurring window for one unfinished run,Revision invalidates exact-version schedule,"G005,G006,G009",FULL_CLAUSE_OUTCOME_PROOF_OPEN,False,False,False
v4:PSCHED-002,plan-scheduling,Concepts/chat-assistant-concepts/5.6 Pro/reports/CORRECTION_V4_TRACEABILITY.json#PSCHED-002,PM_Assistant_v2_Additive_Correction_v4/machine/correction_requirements.json#PSCHED-002,,full_wording_in_companion_source_freeze_not_replaced_by_audit_summary,Recurring window for one unfinished run,Revision invalidates exact-version schedule,"G005,G006,G009",FULL_CLAUSE_OUTCOME_PROOF_OPEN,False,False,False
v4:PSCHED-003,plan-scheduling,Concepts/chat-assistant-concepts/5.6 Pro/reports/CORRECTION_V4_TRACEABILITY.json#PSCHED-003,PM_Assistant_v2_Additive_Correction_v4/machine/correction_requirements.json#PSCHED-003,,full_wording_in_companion_source_freeze_not_replaced_by_audit_summary,Recurring window for one unfinished run,Revision invalidates exact-version schedule,"G005,G006,G009",FULL_CLAUSE_OUTCOME_PROOF_OPEN,False,False,False
v4:PSCHED-004,plan-scheduling,Concepts/chat-assistant-concepts/5.6 Pro/reports/CORRECTION_V4_TRACEABILITY.json#PSCHED-004,PM_Assistant_v2_Additive_Correction_v4/machine/correction_requirements.json#PSCHED-004,,full_wording_in_companion_source_freeze_not_replaced_by_audit_summary,Recurring window for one unfinished run,Revision invalidates exact-version schedule,"G005,G006,G009",FULL_CLAUSE_OUTCOME_PROOF_OPEN,False,False,False
v4:PSCHED-005,plan-scheduling,Concepts/chat-assistant-concepts/5.6 Pro/reports/CORRECTION_V4_TRACEABILITY.json#PSCHED-005,PM_Assistant_v2_Additive_Correction_v4/machine/correction_requirements.json#PSCHED-005,,full_wording_in_companion_source_freeze_not_replaced_by_audit_summary,Recurring window for one unfinished run,Revision invalidates exact-version schedule,"G005,G006,G009",FULL_CLAUSE_OUTCOME_PROOF_OPEN,False,False,False
v4:PSCHED-006,plan-scheduling,Concepts/chat-assistant-concepts/5.6 Pro/reports/CORRECTION_V4_TRACEABILITY.json#PSCHED-006,PM_Assistant_v2_Additive_Correction_v4/machine/correction_requirements.json#PSCHED-006,,full_wording_in_companion_source_freeze_not_replaced_by_audit_summary,Recurring window for one unfinished run,Revision invalidates exact-version schedule,"G005,G006,G009",FULL_CLAUSE_OUTCOME_PROOF_OPEN,False,False,False
v4:PSCHED-007,plan-scheduling,Concepts/chat-assistant-concepts/5.6 Pro/reports/CORRECTION_V4_TRACEABILITY.json#PSCHED-007,PM_Assistant_v2_Additive_Correction_v4/machine/correction_requirements.json#PSCHED-007,,full_wording_in_companion_source_freeze_not_replaced_by_audit_summary,Recurring window for one unfinished run,Revision invalidates exact-version schedule,"G005,G006,G009",FULL_CLAUSE_OUTCOME_PROOF_OPEN,False,False,False
v4:PSCHED-008,plan-scheduling,Concepts/chat-assistant-concepts/5.6 Pro/reports/CORRECTION_V4_TRACEABILITY.json#PSCHED-008,PM_Assistant_v2_Additive_Correction_v4/machine/correction_requirements.json#PSCHED-008,,full_wording_in_companion_source_freeze_not_replaced_by_audit_summary,Recurring window for one unfinished run,Revision invalidates exact-version schedule,"G005,G006,G009",FULL_CLAUSE_OUTCOME_PROOF_OPEN,False,False,False
v4:PSCHED-009,plan-scheduling,Concepts/chat-assistant-concepts/5.6 Pro/reports/CORRECTION_V4_TRACEABILITY.json#PSCHED-009,PM_Assistant_v2_Additive_Correction_v4/machine/correction_requirements.json#PSCHED-009,,full_wording_in_companion_source_freeze_not_replaced_by_audit_summary,Recurring window for one unfinished run,Revision invalidates exact-version schedule,"G005,G006,G009",FULL_CLAUSE_OUTCOME_PROOF_OPEN,False,False,False
v4:PSCHED-010,plan-scheduling,Concepts/chat-assistant-concepts/5.6 Pro/reports/CORRECTION_V4_TRACEABILITY.json#PSCHED-010,PM_Assistant_v2_Additive_Correction_v4/machine/correction_requirements.json#PSCHED-010,,full_wording_in_companion_source_freeze_not_replaced_by_audit_summary,Recurring window for one unfinished run,Revision invalidates exact-version schedule,"G005,G006,G009",FULL_CLAUSE_OUTCOME_PROOF_OPEN,False,False,False
v4:PSCHED-011,plan-scheduling,Concepts/chat-assistant-concepts/5.6 Pro/reports/CORRECTION_V4_TRACEABILITY.json#PSCHED-011,PM_Assistant_v2_Additive_Correction_v4/machine/correction_requirements.json#PSCHED-011,,full_wording_in_companion_source_freeze_not_replaced_by_audit_summary,Recurring window for one unfinished run,Revision invalidates exact-version schedule,"G005,G006,G009",FULL_CLAUSE_OUTCOME_PROOF_OPEN,False,False,False
v4:PSCHED-012,plan-scheduling,Concepts/chat-assistant-concepts/5.6 Pro/reports/CORRECTION_V4_TRACEABILITY.json#PSCHED-012,PM_Assistant_v2_Additive_Correction_v4/machine/correction_requirements.json#PSCHED-012,,full_wording_in_companion_source_freeze_not_replaced_by_audit_summary,Recurring window for one unfinished run,Revision invalidates exact-version schedule,"G005,G006,G009",FULL_CLAUSE_OUTCOME_PROOF_OPEN,False,False,False
v4:PSCHED-013,plan-scheduling,Concepts/chat-assistant-concepts/5.6 Pro/reports/CORRECTION_V4_TRACEABILITY.json#PSCHED-013,PM_Assistant_v2_Additive_Correction_v4/machine/correction_requirements.json#PSCHED-013,,full_wording_in_companion_source_freeze_not_replaced_by_audit_summary,Recurring window for one unfinished run,Revision invalidates exact-version schedule,"G005,G006,G009",FULL_CLAUSE_OUTCOME_PROOF_OPEN,False,False,False
v4:PSCHED-014,plan-scheduling,Concepts/chat-assistant-concepts/5.6 Pro/reports/CORRECTION_V4_TRACEABILITY.json#PSCHED-014,PM_Assistant_v2_Additive_Correction_v4/machine/correction_requirements.json#PSCHED-014,,full_wording_in_companion_source_freeze_not_replaced_by_audit_summary,Recurring window for one unfinished run,Revision invalidates exact-version schedule,"G005,G006,G009",FULL_CLAUSE_OUTCOME_PROOF_OPEN,False,False,False
v4:GREPLAY-001,goal-replay,Concepts/chat-assistant-concepts/5.6 Pro/reports/CORRECTION_V4_TRACEABILITY.json#GREPLAY-001,PM_Assistant_v2_Additive_Correction_v4/machine/correction_requirements.json#GREPLAY-001,,full_wording_in_companion_source_freeze_not_replaced_by_audit_summary,Resume from persisted owner state,Reject duplicate completion/continuation,—,FULL_CLAUSE_OUTCOME_PROOF_OPEN,False,False,False
v4:GREPLAY-002,goal-replay,Concepts/chat-assistant-concepts/5.6 Pro/reports/CORRECTION_V4_TRACEABILITY.json#GREPLAY-002,PM_Assistant_v2_Additive_Correction_v4/machine/correction_requirements.json#GREPLAY-002,,full_wording_in_companion_source_freeze_not_replaced_by_audit_summary,Resume from persisted owner state,Reject duplicate completion/continuation,—,FULL_CLAUSE_OUTCOME_PROOF_OPEN,False,False,False
v4:GREPLAY-003,goal-replay,Concepts/chat-assistant-concepts/5.6 Pro/reports/CORRECTION_V4_TRACEABILITY.json#GREPLAY-003,PM_Assistant_v2_Additive_Correction_v4/machine/correction_requirements.json#GREPLAY-003,,full_wording_in_companion_source_freeze_not_replaced_by_audit_summary,Resume from persisted owner state,Reject duplicate completion/continuation,—,FULL_CLAUSE_OUTCOME_PROOF_OPEN,False,False,False
v4:GREPLAY-004,goal-replay,Concepts/chat-assistant-concepts/5.6 Pro/reports/CORRECTION_V4_TRACEABILITY.json#GREPLAY-004,PM_Assistant_v2_Additive_Correction_v4/machine/correction_requirements.json#GREPLAY-004,,full_wording_in_companion_source_freeze_not_replaced_by_audit_summary,Resume from persisted owner state,Reject duplicate completion/continuation,—,FULL_CLAUSE_OUTCOME_PROOF_OPEN,False,False,False
v4:GREPLAY-005,goal-replay,Concepts/chat-assistant-concepts/5.6 Pro/reports/CORRECTION_V4_TRACEABILITY.json#GREPLAY-005,PM_Assistant_v2_Additive_Correction_v4/machine/correction_requirements.json#GREPLAY-005,,full_wording_in_companion_source_freeze_not_replaced_by_audit_summary,Resume from persisted owner state,Reject duplicate completion/continuation,—,FULL_CLAUSE_OUTCOME_PROOF_OPEN,False,False,False
v4:GREPLAY-006,goal-replay,Concepts/chat-assistant-concepts/5.6 Pro/reports/CORRECTION_V4_TRACEABILITY.json#GREPLAY-006,PM_Assistant_v2_Additive_Correction_v4/machine/correction_requirements.json#GREPLAY-006,,full_wording_in_companion_source_freeze_not_replaced_by_audit_summary,Resume from persisted owner state,Reject duplicate completion/continuation,—,FULL_CLAUSE_OUTCOME_PROOF_OPEN,False,False,False
v4:GREPLAY-007,goal-replay,Concepts/chat-assistant-concepts/5.6 Pro/reports/CORRECTION_V4_TRACEABILITY.json#GREPLAY-007,PM_Assistant_v2_Additive_Correction_v4/machine/correction_requirements.json#GREPLAY-007,,full_wording_in_companion_source_freeze_not_replaced_by_audit_summary,Resume from persisted owner state,Reject duplicate completion/continuation,—,FULL_CLAUSE_OUTCOME_PROOF_OPEN,False,False,False
v4:GREPLAY-008,goal-replay,Concepts/chat-assistant-concepts/5.6 Pro/reports/CORRECTION_V4_TRACEABILITY.json#GREPLAY-008,PM_Assistant_v2_Additive_Correction_v4/machine/correction_requirements.json#GREPLAY-008,,full_wording_in_companion_source_freeze_not_replaced_by_audit_summary,Resume from persisted owner state,Reject duplicate completion/continuation,—,FULL_CLAUSE_OUTCOME_PROOF_OPEN,False,False,False
v4:GREPLAY-009,goal-replay,Concepts/chat-assistant-concepts/5.6 Pro/reports/CORRECTION_V4_TRACEABILITY.json#GREPLAY-009,PM_Assistant_v2_Additive_Correction_v4/machine/correction_requirements.json#GREPLAY-009,,full_wording_in_companion_source_freeze_not_replaced_by_audit_summary,Resume from persisted owner state,Reject duplicate completion/continuation,—,FULL_CLAUSE_OUTCOME_PROOF_OPEN,False,False,False
v4:GREPLAY-010,goal-replay,Concepts/chat-assistant-concepts/5.6 Pro/reports/CORRECTION_V4_TRACEABILITY.json#GREPLAY-010,PM_Assistant_v2_Additive_Correction_v4/machine/correction_requirements.json#GREPLAY-010,,full_wording_in_companion_source_freeze_not_replaced_by_audit_summary,Resume from persisted owner state,Reject duplicate completion/continuation,—,FULL_CLAUSE_OUTCOME_PROOF_OPEN,False,False,False
v4:GREPLAY-011,goal-replay,Concepts/chat-assistant-concepts/5.6 Pro/reports/CORRECTION_V4_TRACEABILITY.json#GREPLAY-011,PM_Assistant_v2_Additive_Correction_v4/machine/correction_requirements.json#GREPLAY-011,,full_wording_in_companion_source_freeze_not_replaced_by_audit_summary,Resume from persisted owner state,Reject duplicate completion/continuation,—,FULL_CLAUSE_OUTCOME_PROOF_OPEN,False,False,False
v4:GREPLAY-012,goal-replay,Concepts/chat-assistant-concepts/5.6 Pro/reports/CORRECTION_V4_TRACEABILITY.json#GREPLAY-012,PM_Assistant_v2_Additive_Correction_v4/machine/correction_requirements.json#GREPLAY-012,,full_wording_in_companion_source_freeze_not_replaced_by_audit_summary,Resume from persisted owner state,Reject duplicate completion/continuation,—,FULL_CLAUSE_OUTCOME_PROOF_OPEN,False,False,False
v4:MODAL-001,modal-transaction,Concepts/chat-assistant-concepts/5.6 Pro/reports/CORRECTION_V4_TRACEABILITY.json#MODAL-001,PM_Assistant_v2_Additive_Correction_v4/machine/correction_requirements.json#MODAL-001,,full_wording_in_companion_source_freeze_not_replaced_by_audit_summary,Edit/cancel with no durable effects,Commit once with duplicate admission refused,"G012,G014-G016",FULL_CLAUSE_OUTCOME_PROOF_OPEN,False,False,False
v4:MODAL-002,modal-transaction,Concepts/chat-assistant-concepts/5.6 Pro/reports/CORRECTION_V4_TRACEABILITY.json#MODAL-002,PM_Assistant_v2_Additive_Correction_v4/machine/correction_requirements.json#MODAL-002,,full_wording_in_companion_source_freeze_not_replaced_by_audit_summary,Edit/cancel with no durable effects,Commit once with duplicate admission refused,"G012,G014-G016",FULL_CLAUSE_OUTCOME_PROOF_OPEN,False,False,False
v4:MODAL-003,modal-transaction,Concepts/chat-assistant-concepts/5.6 Pro/reports/CORRECTION_V4_TRACEABILITY.json#MODAL-003,PM_Assistant_v2_Additive_Correction_v4/machine/correction_requirements.json#MODAL-003,,full_wording_in_companion_source_freeze_not_replaced_by_audit_summary,Edit/cancel with no durable effects,Commit once with duplicate admission refused,"G012,G014-G016",FULL_CLAUSE_OUTCOME_PROOF_OPEN,False,False,False
v4:MODAL-004,modal-transaction,Concepts/chat-assistant-concepts/5.6 Pro/reports/CORRECTION_V4_TRACEABILITY.json#MODAL-004,PM_Assistant_v2_Additive_Correction_v4/machine/correction_requirements.json#MODAL-004,,full_wording_in_companion_source_freeze_not_replaced_by_audit_summary,Edit/cancel with no durable effects,Commit once with duplicate admission refused,"G012,G014-G016",FULL_CLAUSE_OUTCOME_PROOF_OPEN,False,False,False
v4:MODAL-005,modal-transaction,Concepts/chat-assistant-concepts/5.6 Pro/reports/CORRECTION_V4_TRACEABILITY.json#MODAL-005,PM_Assistant_v2_Additive_Correction_v4/machine/correction_requirements.json#MODAL-005,,full_wording_in_companion_source_freeze_not_replaced_by_audit_summary,Edit/cancel with no durable effects,Commit once with duplicate admission refused,"G012,G014-G016",FULL_CLAUSE_OUTCOME_PROOF_OPEN,False,False,False
v4:MODAL-006,modal-transaction,Concepts/chat-assistant-concepts/5.6 Pro/reports/CORRECTION_V4_TRACEABILITY.json#MODAL-006,PM_Assistant_v2_Additive_Correction_v4/machine/correction_requirements.json#MODAL-006,,full_wording_in_companion_source_freeze_not_replaced_by_audit_summary,Edit/cancel with no durable effects,Commit once with duplicate admission refused,"G012,G014-G016",FULL_CLAUSE_OUTCOME_PROOF_OPEN,False,False,False
v4:MODAL-007,modal-transaction,Concepts/chat-assistant-concepts/5.6 Pro/reports/CORRECTION_V4_TRACEABILITY.json#MODAL-007,PM_Assistant_v2_Additive_Correction_v4/machine/correction_requirements.json#MODAL-007,,full_wording_in_companion_source_freeze_not_replaced_by_audit_summary,Edit/cancel with no durable effects,Commit once with duplicate admission refused,"G012,G014-G016",FULL_CLAUSE_OUTCOME_PROOF_OPEN,False,False,False
v4:MODAL-008,modal-transaction,Concepts/chat-assistant-concepts/5.6 Pro/reports/CORRECTION_V4_TRACEABILITY.json#MODAL-008,PM_Assistant_v2_Additive_Correction_v4/machine/correction_requirements.json#MODAL-008,,full_wording_in_companion_source_freeze_not_replaced_by_audit_summary,Edit/cancel with no durable effects,Commit once with duplicate admission refused,"G012,G014-G016",FULL_CLAUSE_OUTCOME_PROOF_OPEN,False,False,False
v4:MODAL-009,modal-transaction,Concepts/chat-assistant-concepts/5.6 Pro/reports/CORRECTION_V4_TRACEABILITY.json#MODAL-009,PM_Assistant_v2_Additive_Correction_v4/machine/correction_requirements.json#MODAL-009,,full_wording_in_companion_source_freeze_not_replaced_by_audit_summary,Edit/cancel with no durable effects,Commit once with duplicate admission refused,"G012,G014-G016",FULL_CLAUSE_OUTCOME_PROOF_OPEN,False,False,False
v4:MODAL-010,modal-transaction,Concepts/chat-assistant-concepts/5.6 Pro/reports/CORRECTION_V4_TRACEABILITY.json#MODAL-010,PM_Assistant_v2_Additive_Correction_v4/machine/correction_requirements.json#MODAL-010,,full_wording_in_companion_source_freeze_not_replaced_by_audit_summary,Edit/cancel with no durable effects,Commit once with duplicate admission refused,"G012,G014-G016",FULL_CLAUSE_OUTCOME_PROOF_OPEN,False,False,False
v4:MODAL-011,modal-transaction,Concepts/chat-assistant-concepts/5.6 Pro/reports/CORRECTION_V4_TRACEABILITY.json#MODAL-011,PM_Assistant_v2_Additive_Correction_v4/machine/correction_requirements.json#MODAL-011,,full_wording_in_companion_source_freeze_not_replaced_by_audit_summary,Edit/cancel with no durable effects,Commit once with duplicate admission refused,"G012,G014-G016",FULL_CLAUSE_OUTCOME_PROOF_OPEN,False,False,False
v4:MODAL-012,modal-transaction,Concepts/chat-assistant-concepts/5.6 Pro/reports/CORRECTION_V4_TRACEABILITY.json#MODAL-012,PM_Assistant_v2_Additive_Correction_v4/machine/correction_requirements.json#MODAL-012,,full_wording_in_companion_source_freeze_not_replaced_by_audit_summary,Edit/cancel with no durable effects,Commit once with duplicate admission refused,"G012,G014-G016",FULL_CLAUSE_OUTCOME_PROOF_OPEN,False,False,False
v4:MODAL-013,modal-transaction,Concepts/chat-assistant-concepts/5.6 Pro/reports/CORRECTION_V4_TRACEABILITY.json#MODAL-013,PM_Assistant_v2_Additive_Correction_v4/machine/correction_requirements.json#MODAL-013,,full_wording_in_companion_source_freeze_not_replaced_by_audit_summary,Edit/cancel with no durable effects,Commit once with duplicate admission refused,"G012,G014-G016",FULL_CLAUSE_OUTCOME_PROOF_OPEN,False,False,False
v4:MODAL-014,modal-transaction,Concepts/chat-assistant-concepts/5.6 Pro/reports/CORRECTION_V4_TRACEABILITY.json#MODAL-014,PM_Assistant_v2_Additive_Correction_v4/machine/correction_requirements.json#MODAL-014,,full_wording_in_companion_source_freeze_not_replaced_by_audit_summary,Edit/cancel with no durable effects,Commit once with duplicate admission refused,"G012,G014-G016",FULL_CLAUSE_OUTCOME_PROOF_OPEN,False,False,False
v4:MODAL-015,modal-transaction,Concepts/chat-assistant-concepts/5.6 Pro/reports/CORRECTION_V4_TRACEABILITY.json#MODAL-015,PM_Assistant_v2_Additive_Correction_v4/machine/correction_requirements.json#MODAL-015,,full_wording_in_companion_source_freeze_not_replaced_by_audit_summary,Edit/cancel with no durable effects,Commit once with duplicate admission refused,"G012,G014-G016",FULL_CLAUSE_OUTCOME_PROOF_OPEN,False,False,False
v4:MODAL-016,modal-transaction,Concepts/chat-assistant-concepts/5.6 Pro/reports/CORRECTION_V4_TRACEABILITY.json#MODAL-016,PM_Assistant_v2_Additive_Correction_v4/machine/correction_requirements.json#MODAL-016,,full_wording_in_companion_source_freeze_not_replaced_by_audit_summary,Edit/cancel with no durable effects,Commit once with duplicate admission refused,"G012,G014-G016",FULL_CLAUSE_OUTCOME_PROOF_OPEN,False,False,False
v4:MODAL-017,modal-transaction,Concepts/chat-assistant-concepts/5.6 Pro/reports/CORRECTION_V4_TRACEABILITY.json#MODAL-017,PM_Assistant_v2_Additive_Correction_v4/machine/correction_requirements.json#MODAL-017,,full_wording_in_companion_source_freeze_not_replaced_by_audit_summary,Edit/cancel with no durable effects,Commit once with duplicate admission refused,"G012,G014-G016",FULL_CLAUSE_OUTCOME_PROOF_OPEN,False,False,False
v4:MODAL-018,modal-transaction,Concepts/chat-assistant-concepts/5.6 Pro/reports/CORRECTION_V4_TRACEABILITY.json#MODAL-018,PM_Assistant_v2_Additive_Correction_v4/machine/correction_requirements.json#MODAL-018,,full_wording_in_companion_source_freeze_not_replaced_by_audit_summary,Edit/cancel with no durable effects,Commit once with duplicate admission refused,"G012,G014-G016",FULL_CLAUSE_OUTCOME_PROOF_OPEN,False,False,False
v4:PART-001,participant-outcomes,Concepts/chat-assistant-concepts/5.6 Pro/reports/CORRECTION_V4_TRACEABILITY.json#PART-001,PM_Assistant_v2_Additive_Correction_v4/machine/correction_requirements.json#PART-001,,full_wording_in_companion_source_freeze_not_replaced_by_audit_summary,Complete required participants with attribution,Retry under new attempt and reject old callback,G045-G048,FULL_CLAUSE_OUTCOME_PROOF_OPEN,False,False,False
v4:PART-002,participant-outcomes,Concepts/chat-assistant-concepts/5.6 Pro/reports/CORRECTION_V4_TRACEABILITY.json#PART-002,PM_Assistant_v2_Additive_Correction_v4/machine/correction_requirements.json#PART-002,,full_wording_in_companion_source_freeze_not_replaced_by_audit_summary,Complete required participants with attribution,Retry under new attempt and reject old callback,G045-G048,FULL_CLAUSE_OUTCOME_PROOF_OPEN,False,False,False
v4:PART-003,participant-outcomes,Concepts/chat-assistant-concepts/5.6 Pro/reports/CORRECTION_V4_TRACEABILITY.json#PART-003,PM_Assistant_v2_Additive_Correction_v4/machine/correction_requirements.json#PART-003,,full_wording_in_companion_source_freeze_not_replaced_by_audit_summary,Complete required participants with attribution,Retry under new attempt and reject old callback,G045-G048,FULL_CLAUSE_OUTCOME_PROOF_OPEN,False,False,False
v4:PART-004,participant-outcomes,Concepts/chat-assistant-concepts/5.6 Pro/reports/CORRECTION_V4_TRACEABILITY.json#PART-004,PM_Assistant_v2_Additive_Correction_v4/machine/correction_requirements.json#PART-004,,full_wording_in_companion_source_freeze_not_replaced_by_audit_summary,Complete required participants with attribution,Retry under new attempt and reject old callback,G045-G048,FULL_CLAUSE_OUTCOME_PROOF_OPEN,False,False,False
v4:PART-005,participant-outcomes,Concepts/chat-assistant-concepts/5.6 Pro/reports/CORRECTION_V4_TRACEABILITY.json#PART-005,PM_Assistant_v2_Additive_Correction_v4/machine/correction_requirements.json#PART-005,,full_wording_in_companion_source_freeze_not_replaced_by_audit_summary,Complete required participants with attribution,Retry under new attempt and reject old callback,G045-G048,FULL_CLAUSE_OUTCOME_PROOF_OPEN,False,False,False
v4:PART-006,participant-outcomes,Concepts/chat-assistant-concepts/5.6 Pro/reports/CORRECTION_V4_TRACEABILITY.json#PART-006,PM_Assistant_v2_Additive_Correction_v4/machine/correction_requirements.json#PART-006,,full_wording_in_companion_source_freeze_not_replaced_by_audit_summary,Complete required participants with attribution,Retry under new attempt and reject old callback,G045-G048,FULL_CLAUSE_OUTCOME_PROOF_OPEN,False,False,False
v4:PART-007,participant-outcomes,Concepts/chat-assistant-concepts/5.6 Pro/reports/CORRECTION_V4_TRACEABILITY.json#PART-007,PM_Assistant_v2_Additive_Correction_v4/machine/correction_requirements.json#PART-007,,full_wording_in_companion_source_freeze_not_replaced_by_audit_summary,Complete required participants with attribution,Retry under new attempt and reject old callback,G045-G048,FULL_CLAUSE_OUTCOME_PROOF_OPEN,False,False,False
v4:PART-008,participant-outcomes,Concepts/chat-assistant-concepts/5.6 Pro/reports/CORRECTION_V4_TRACEABILITY.json#PART-008,PM_Assistant_v2_Additive_Correction_v4/machine/correction_requirements.json#PART-008,,full_wording_in_companion_source_freeze_not_replaced_by_audit_summary,Complete required participants with attribution,Retry under new attempt and reject old callback,G045-G048,FULL_CLAUSE_OUTCOME_PROOF_OPEN,False,False,False
v4:PART-009,participant-outcomes,Concepts/chat-assistant-concepts/5.6 Pro/reports/CORRECTION_V4_TRACEABILITY.json#PART-009,PM_Assistant_v2_Additive_Correction_v4/machine/correction_requirements.json#PART-009,,full_wording_in_companion_source_freeze_not_replaced_by_audit_summary,Complete required participants with attribution,Retry under new attempt and reject old callback,G045-G048,FULL_CLAUSE_OUTCOME_PROOF_OPEN,False,False,False
v4:PART-010,participant-outcomes,Concepts/chat-assistant-concepts/5.6 Pro/reports/CORRECTION_V4_TRACEABILITY.json#PART-010,PM_Assistant_v2_Additive_Correction_v4/machine/correction_requirements.json#PART-010,,full_wording_in_companion_source_freeze_not_replaced_by_audit_summary,Complete required participants with attribution,Retry under new attempt and reject old callback,G045-G048,FULL_CLAUSE_OUTCOME_PROOF_OPEN,False,False,False
v4:PART-011,participant-outcomes,Concepts/chat-assistant-concepts/5.6 Pro/reports/CORRECTION_V4_TRACEABILITY.json#PART-011,PM_Assistant_v2_Additive_Correction_v4/machine/correction_requirements.json#PART-011,,full_wording_in_companion_source_freeze_not_replaced_by_audit_summary,Complete required participants with attribution,Retry under new attempt and reject old callback,G045-G048,FULL_CLAUSE_OUTCOME_PROOF_OPEN,False,False,False
v4:PART-012,participant-outcomes,Concepts/chat-assistant-concepts/5.6 Pro/reports/CORRECTION_V4_TRACEABILITY.json#PART-012,PM_Assistant_v2_Additive_Correction_v4/machine/correction_requirements.json#PART-012,,full_wording_in_companion_source_freeze_not_replaced_by_audit_summary,Complete required participants with attribution,Retry under new attempt and reject old callback,G045-G048,FULL_CLAUSE_OUTCOME_PROOF_OPEN,False,False,False
v4:PART-013,participant-outcomes,Concepts/chat-assistant-concepts/5.6 Pro/reports/CORRECTION_V4_TRACEABILITY.json#PART-013,PM_Assistant_v2_Additive_Correction_v4/machine/correction_requirements.json#PART-013,,full_wording_in_companion_source_freeze_not_replaced_by_audit_summary,Complete required participants with attribution,Retry under new attempt and reject old callback,G045-G048,FULL_CLAUSE_OUTCOME_PROOF_OPEN,False,False,False
v4:PART-014,participant-outcomes,Concepts/chat-assistant-concepts/5.6 Pro/reports/CORRECTION_V4_TRACEABILITY.json#PART-014,PM_Assistant_v2_Additive_Correction_v4/machine/correction_requirements.json#PART-014,,full_wording_in_companion_source_freeze_not_replaced_by_audit_summary,Complete required participants with attribution,Retry under new attempt and reject old callback,G045-G048,FULL_CLAUSE_OUTCOME_PROOF_OPEN,False,False,False
v4:PART-015,participant-outcomes,Concepts/chat-assistant-concepts/5.6 Pro/reports/CORRECTION_V4_TRACEABILITY.json#PART-015,PM_Assistant_v2_Additive_Correction_v4/machine/correction_requirements.json#PART-015,,full_wording_in_companion_source_freeze_not_replaced_by_audit_summary,Complete required participants with attribution,Retry under new attempt and reject old callback,G045-G048,FULL_CLAUSE_OUTCOME_PROOF_OPEN,False,False,False
v4:PART-016,participant-outcomes,Concepts/chat-assistant-concepts/5.6 Pro/reports/CORRECTION_V4_TRACEABILITY.json#PART-016,PM_Assistant_v2_Additive_Correction_v4/machine/correction_requirements.json#PART-016,,full_wording_in_companion_source_freeze_not_replaced_by_audit_summary,Complete required participants with attribution,Retry under new attempt and reject old callback,G045-G048,FULL_CLAUSE_OUTCOME_PROOF_OPEN,False,False,False
v4:PART-017,participant-outcomes,Concepts/chat-assistant-concepts/5.6 Pro/reports/CORRECTION_V4_TRACEABILITY.json#PART-017,PM_Assistant_v2_Additive_Correction_v4/machine/correction_requirements.json#PART-017,,full_wording_in_companion_source_freeze_not_replaced_by_audit_summary,Complete required participants with attribution,Retry under new attempt and reject old callback,G045-G048,FULL_CLAUSE_OUTCOME_PROOF_OPEN,False,False,False
v4:PART-018,participant-outcomes,Concepts/chat-assistant-concepts/5.6 Pro/reports/CORRECTION_V4_TRACEABILITY.json#PART-018,PM_Assistant_v2_Additive_Correction_v4/machine/correction_requirements.json#PART-018,,full_wording_in_companion_source_freeze_not_replaced_by_audit_summary,Complete required participants with attribution,Retry under new attempt and reject old callback,G045-G048,FULL_CLAUSE_OUTCOME_PROOF_OPEN,False,False,False
v4:PART-019,participant-outcomes,Concepts/chat-assistant-concepts/5.6 Pro/reports/CORRECTION_V4_TRACEABILITY.json#PART-019,PM_Assistant_v2_Additive_Correction_v4/machine/correction_requirements.json#PART-019,,full_wording_in_companion_source_freeze_not_replaced_by_audit_summary,Complete required participants with attribution,Retry under new attempt and reject old callback,G045-G048,FULL_CLAUSE_OUTCOME_PROOF_OPEN,False,False,False
v4:PART-020,participant-outcomes,Concepts/chat-assistant-concepts/5.6 Pro/reports/CORRECTION_V4_TRACEABILITY.json#PART-020,PM_Assistant_v2_Additive_Correction_v4/machine/correction_requirements.json#PART-020,,full_wording_in_companion_source_freeze_not_replaced_by_audit_summary,Complete required participants with attribution,Retry under new attempt and reject old callback,G045-G048,FULL_CLAUSE_OUTCOME_PROOF_OPEN,False,False,False
v4:PART-021,participant-outcomes,Concepts/chat-assistant-concepts/5.6 Pro/reports/CORRECTION_V4_TRACEABILITY.json#PART-021,PM_Assistant_v2_Additive_Correction_v4/machine/correction_requirements.json#PART-021,,full_wording_in_companion_source_freeze_not_replaced_by_audit_summary,Complete required participants with attribution,Retry under new attempt and reject old callback,G045-G048,FULL_CLAUSE_OUTCOME_PROOF_OPEN,False,False,False
v4:PART-022,participant-outcomes,Concepts/chat-assistant-concepts/5.6 Pro/reports/CORRECTION_V4_TRACEABILITY.json#PART-022,PM_Assistant_v2_Additive_Correction_v4/machine/correction_requirements.json#PART-022,,full_wording_in_companion_source_freeze_not_replaced_by_audit_summary,Complete required participants with attribution,Retry under new attempt and reject old callback,G045-G048,FULL_CLAUSE_OUTCOME_PROOF_OPEN,False,False,False
v4:PART-023,participant-outcomes,Concepts/chat-assistant-concepts/5.6 Pro/reports/CORRECTION_V4_TRACEABILITY.json#PART-023,PM_Assistant_v2_Additive_Correction_v4/machine/correction_requirements.json#PART-023,,full_wording_in_companion_source_freeze_not_replaced_by_audit_summary,Complete required participants with attribution,Retry under new attempt and reject old callback,G045-G048,FULL_CLAUSE_OUTCOME_PROOF_OPEN,False,False,False
v4:PART-024,participant-outcomes,Concepts/chat-assistant-concepts/5.6 Pro/reports/CORRECTION_V4_TRACEABILITY.json#PART-024,PM_Assistant_v2_Additive_Correction_v4/machine/correction_requirements.json#PART-024,,full_wording_in_companion_source_freeze_not_replaced_by_audit_summary,Complete required participants with attribution,Retry under new attempt and reject old callback,G045-G048,FULL_CLAUSE_OUTCOME_PROOF_OPEN,False,False,False
v4:SMSG-001,scheduled-message,Concepts/chat-assistant-concepts/5.6 Pro/reports/CORRECTION_V4_TRACEABILITY.json#SMSG-001,PM_Assistant_v2_Additive_Correction_v4/machine/correction_requirements.json#SMSG-001,,full_wording_in_companion_source_freeze_not_replaced_by_audit_summary,Edit pending message in place,Cancel and refuse registered dispatch,"G003,G004,G007",FULL_CLAUSE_OUTCOME_PROOF_OPEN,False,False,False
v4:SMSG-002,scheduled-message,Concepts/chat-assistant-concepts/5.6 Pro/reports/CORRECTION_V4_TRACEABILITY.json#SMSG-002,PM_Assistant_v2_Additive_Correction_v4/machine/correction_requirements.json#SMSG-002,,full_wording_in_companion_source_freeze_not_replaced_by_audit_summary,Edit pending message in place,Cancel and refuse registered dispatch,"G003,G004,G007",FULL_CLAUSE_OUTCOME_PROOF_OPEN,False,False,False
v4:SMSG-003,scheduled-message,Concepts/chat-assistant-concepts/5.6 Pro/reports/CORRECTION_V4_TRACEABILITY.json#SMSG-003,PM_Assistant_v2_Additive_Correction_v4/machine/correction_requirements.json#SMSG-003,,full_wording_in_companion_source_freeze_not_replaced_by_audit_summary,Edit pending message in place,Cancel and refuse registered dispatch,"G003,G004,G007",FULL_CLAUSE_OUTCOME_PROOF_OPEN,False,False,False
v4:SMSG-004,scheduled-message,Concepts/chat-assistant-concepts/5.6 Pro/reports/CORRECTION_V4_TRACEABILITY.json#SMSG-004,PM_Assistant_v2_Additive_Correction_v4/machine/correction_requirements.json#SMSG-004,,full_wording_in_companion_source_freeze_not_replaced_by_audit_summary,Edit pending message in place,Cancel and refuse registered dispatch,"G003,G004,G007",FULL_CLAUSE_OUTCOME_PROOF_OPEN,False,False,False
v4:SMSG-005,scheduled-message,Concepts/chat-assistant-concepts/5.6 Pro/reports/CORRECTION_V4_TRACEABILITY.json#SMSG-005,PM_Assistant_v2_Additive_Correction_v4/machine/correction_requirements.json#SMSG-005,,full_wording_in_companion_source_freeze_not_replaced_by_audit_summary,Edit pending message in place,Cancel and refuse registered dispatch,"G003,G004,G007",FULL_CLAUSE_OUTCOME_PROOF_OPEN,False,False,False
v4:SMSG-006,scheduled-message,Concepts/chat-assistant-concepts/5.6 Pro/reports/CORRECTION_V4_TRACEABILITY.json#SMSG-006,PM_Assistant_v2_Additive_Correction_v4/machine/correction_requirements.json#SMSG-006,,full_wording_in_companion_source_freeze_not_replaced_by_audit_summary,Edit pending message in place,Cancel and refuse registered dispatch,"G003,G004,G007",FULL_CLAUSE_OUTCOME_PROOF_OPEN,False,False,False
v4:SMSG-007,scheduled-message,Concepts/chat-assistant-concepts/5.6 Pro/reports/CORRECTION_V4_TRACEABILITY.json#SMSG-007,PM_Assistant_v2_Additive_Correction_v4/machine/correction_requirements.json#SMSG-007,,full_wording_in_companion_source_freeze_not_replaced_by_audit_summary,Edit pending message in place,Cancel and refuse registered dispatch,"G003,G004,G007",FULL_CLAUSE_OUTCOME_PROOF_OPEN,False,False,False
v4:SMSG-008,scheduled-message,Concepts/chat-assistant-concepts/5.6 Pro/reports/CORRECTION_V4_TRACEABILITY.json#SMSG-008,PM_Assistant_v2_Additive_Correction_v4/machine/correction_requirements.json#SMSG-008,,full_wording_in_companion_source_freeze_not_replaced_by_audit_summary,Edit pending message in place,Cancel and refuse registered dispatch,"G003,G004,G007",FULL_CLAUSE_OUTCOME_PROOF_OPEN,False,False,False
v4:SMSG-009,scheduled-message,Concepts/chat-assistant-concepts/5.6 Pro/reports/CORRECTION_V4_TRACEABILITY.json#SMSG-009,PM_Assistant_v2_Additive_Correction_v4/machine/correction_requirements.json#SMSG-009,,full_wording_in_companion_source_freeze_not_replaced_by_audit_summary,Edit pending message in place,Cancel and refuse registered dispatch,"G003,G004,G007",FULL_CLAUSE_OUTCOME_PROOF_OPEN,False,False,False
v4:SMSG-010,scheduled-message,Concepts/chat-assistant-concepts/5.6 Pro/reports/CORRECTION_V4_TRACEABILITY.json#SMSG-010,PM_Assistant_v2_Additive_Correction_v4/machine/correction_requirements.json#SMSG-010,,full_wording_in_companion_source_freeze_not_replaced_by_audit_summary,Edit pending message in place,Cancel and refuse registered dispatch,"G003,G004,G007",FULL_CLAUSE_OUTCOME_PROOF_OPEN,False,False,False
v4:SMSG-011,scheduled-message,Concepts/chat-assistant-concepts/5.6 Pro/reports/CORRECTION_V4_TRACEABILITY.json#SMSG-011,PM_Assistant_v2_Additive_Correction_v4/machine/correction_requirements.json#SMSG-011,,full_wording_in_companion_source_freeze_not_replaced_by_audit_summary,Edit pending message in place,Cancel and refuse registered dispatch,"G003,G004,G007",FULL_CLAUSE_OUTCOME_PROOF_OPEN,False,False,False
v4:SMSG-012,scheduled-message,Concepts/chat-assistant-concepts/5.6 Pro/reports/CORRECTION_V4_TRACEABILITY.json#SMSG-012,PM_Assistant_v2_Additive_Correction_v4/machine/correction_requirements.json#SMSG-012,,full_wording_in_companion_source_freeze_not_replaced_by_audit_summary,Edit pending message in place,Cancel and refuse registered dispatch,"G003,G004,G007",FULL_CLAUSE_OUTCOME_PROOF_OPEN,False,False,False
v4:SMSG-013,scheduled-message,Concepts/chat-assistant-concepts/5.6 Pro/reports/CORRECTION_V4_TRACEABILITY.json#SMSG-013,PM_Assistant_v2_Additive_Correction_v4/machine/correction_requirements.json#SMSG-013,,full_wording_in_companion_source_freeze_not_replaced_by_audit_summary,Edit pending message in place,Cancel and refuse registered dispatch,"G003,G004,G007",FULL_CLAUSE_OUTCOME_PROOF_OPEN,False,False,False
v4:SMSG-014,scheduled-message,Concepts/chat-assistant-concepts/5.6 Pro/reports/CORRECTION_V4_TRACEABILITY.json#SMSG-014,PM_Assistant_v2_Additive_Correction_v4/machine/correction_requirements.json#SMSG-014,,full_wording_in_companion_source_freeze_not_replaced_by_audit_summary,Edit pending message in place,Cancel and refuse registered dispatch,"G003,G004,G007",FULL_CLAUSE_OUTCOME_PROOF_OPEN,False,False,False
v4:SMSG-015,scheduled-message,Concepts/chat-assistant-concepts/5.6 Pro/reports/CORRECTION_V4_TRACEABILITY.json#SMSG-015,PM_Assistant_v2_Additive_Correction_v4/machine/correction_requirements.json#SMSG-015,,full_wording_in_companion_source_freeze_not_replaced_by_audit_summary,Edit pending message in place,Cancel and refuse registered dispatch,"G003,G004,G007",FULL_CLAUSE_OUTCOME_PROOF_OPEN,False,False,False
v4:SMSG-016,scheduled-message,Concepts/chat-assistant-concepts/5.6 Pro/reports/CORRECTION_V4_TRACEABILITY.json#SMSG-016,PM_Assistant_v2_Additive_Correction_v4/machine/correction_requirements.json#SMSG-016,,full_wording_in_companion_source_freeze_not_replaced_by_audit_summary,Edit pending message in place,Cancel and refuse registered dispatch,"G003,G004,G007",FULL_CLAUSE_OUTCOME_PROOF_OPEN,False,False,False
v4:SMSG-017,scheduled-message,Concepts/chat-assistant-concepts/5.6 Pro/reports/CORRECTION_V4_TRACEABILITY.json#SMSG-017,PM_Assistant_v2_Additive_Correction_v4/machine/correction_requirements.json#SMSG-017,,full_wording_in_companion_source_freeze_not_replaced_by_audit_summary,Edit pending message in place,Cancel and refuse registered dispatch,"G003,G004,G007",FULL_CLAUSE_OUTCOME_PROOF_OPEN,False,False,False
v4:SMSG-018,scheduled-message,Concepts/chat-assistant-concepts/5.6 Pro/reports/CORRECTION_V4_TRACEABILITY.json#SMSG-018,PM_Assistant_v2_Additive_Correction_v4/machine/correction_requirements.json#SMSG-018,,full_wording_in_companion_source_freeze_not_replaced_by_audit_summary,Edit pending message in place,Cancel and refuse registered dispatch,"G003,G004,G007",FULL_CLAUSE_OUTCOME_PROOF_OPEN,False,False,False
v4:BSTALE-001,browser-currentness,Concepts/chat-assistant-concepts/5.6 Pro/reports/CORRECTION_V4_TRACEABILITY.json#BSTALE-001,PM_Assistant_v2_Additive_Correction_v4/machine/correction_requirements.json#BSTALE-001,,full_wording_in_companion_source_freeze_not_replaced_by_audit_summary,Resolve original-generation element,Reject obsolete selection after rerender,G035,FULL_CLAUSE_OUTCOME_PROOF_OPEN,False,False,False
v4:BSTALE-002,browser-currentness,Concepts/chat-assistant-concepts/5.6 Pro/reports/CORRECTION_V4_TRACEABILITY.json#BSTALE-002,PM_Assistant_v2_Additive_Correction_v4/machine/correction_requirements.json#BSTALE-002,,full_wording_in_companion_source_freeze_not_replaced_by_audit_summary,Resolve original-generation element,Reject obsolete selection after rerender,G035,FULL_CLAUSE_OUTCOME_PROOF_OPEN,False,False,False
v4:BSTALE-003,browser-currentness,Concepts/chat-assistant-concepts/5.6 Pro/reports/CORRECTION_V4_TRACEABILITY.json#BSTALE-003,PM_Assistant_v2_Additive_Correction_v4/machine/correction_requirements.json#BSTALE-003,,full_wording_in_companion_source_freeze_not_replaced_by_audit_summary,Resolve original-generation element,Reject obsolete selection after rerender,G035,FULL_CLAUSE_OUTCOME_PROOF_OPEN,False,False,False
v4:BSTALE-004,browser-currentness,Concepts/chat-assistant-concepts/5.6 Pro/reports/CORRECTION_V4_TRACEABILITY.json#BSTALE-004,PM_Assistant_v2_Additive_Correction_v4/machine/correction_requirements.json#BSTALE-004,,full_wording_in_companion_source_freeze_not_replaced_by_audit_summary,Resolve original-generation element,Reject obsolete selection after rerender,G035,FULL_CLAUSE_OUTCOME_PROOF_OPEN,False,False,False
v4:BSTALE-005,browser-currentness,Concepts/chat-assistant-concepts/5.6 Pro/reports/CORRECTION_V4_TRACEABILITY.json#BSTALE-005,PM_Assistant_v2_Additive_Correction_v4/machine/correction_requirements.json#BSTALE-005,,full_wording_in_companion_source_freeze_not_replaced_by_audit_summary,Resolve original-generation element,Reject obsolete selection after rerender,G035,FULL_CLAUSE_OUTCOME_PROOF_OPEN,False,False,False
v4:BSTALE-006,browser-currentness,Concepts/chat-assistant-concepts/5.6 Pro/reports/CORRECTION_V4_TRACEABILITY.json#BSTALE-006,PM_Assistant_v2_Additive_Correction_v4/machine/correction_requirements.json#BSTALE-006,,full_wording_in_companion_source_freeze_not_replaced_by_audit_summary,Resolve original-generation element,Reject obsolete selection after rerender,G035,FULL_CLAUSE_OUTCOME_PROOF_OPEN,False,False,False
v4:BSTALE-007,browser-currentness,Concepts/chat-assistant-concepts/5.6 Pro/reports/CORRECTION_V4_TRACEABILITY.json#BSTALE-007,PM_Assistant_v2_Additive_Correction_v4/machine/correction_requirements.json#BSTALE-007,,full_wording_in_companion_source_freeze_not_replaced_by_audit_summary,Resolve original-generation element,Reject obsolete selection after rerender,G035,FULL_CLAUSE_OUTCOME_PROOF_OPEN,False,False,False
v4:BSTALE-008,browser-currentness,Concepts/chat-assistant-concepts/5.6 Pro/reports/CORRECTION_V4_TRACEABILITY.json#BSTALE-008,PM_Assistant_v2_Additive_Correction_v4/machine/correction_requirements.json#BSTALE-008,,full_wording_in_companion_source_freeze_not_replaced_by_audit_summary,Resolve original-generation element,Reject obsolete selection after rerender,G035,FULL_CLAUSE_OUTCOME_PROOF_OPEN,False,False,False
v4:BSTALE-009,browser-currentness,Concepts/chat-assistant-concepts/5.6 Pro/reports/CORRECTION_V4_TRACEABILITY.json#BSTALE-009,PM_Assistant_v2_Additive_Correction_v4/machine/correction_requirements.json#BSTALE-009,,full_wording_in_companion_source_freeze_not_replaced_by_audit_summary,Resolve original-generation element,Reject obsolete selection after rerender,G035,FULL_CLAUSE_OUTCOME_PROOF_OPEN,False,False,False
v4:BSTALE-010,browser-currentness,Concepts/chat-assistant-concepts/5.6 Pro/reports/CORRECTION_V4_TRACEABILITY.json#BSTALE-010,PM_Assistant_v2_Additive_Correction_v4/machine/correction_requirements.json#BSTALE-010,,full_wording_in_companion_source_freeze_not_replaced_by_audit_summary,Resolve original-generation element,Reject obsolete selection after rerender,G035,FULL_CLAUSE_OUTCOME_PROOF_OPEN,False,False,False
v4:BSTALE-011,browser-currentness,Concepts/chat-assistant-concepts/5.6 Pro/reports/CORRECTION_V4_TRACEABILITY.json#BSTALE-011,PM_Assistant_v2_Additive_Correction_v4/machine/correction_requirements.json#BSTALE-011,,full_wording_in_companion_source_freeze_not_replaced_by_audit_summary,Resolve original-generation element,Reject obsolete selection after rerender,G035,FULL_CLAUSE_OUTCOME_PROOF_OPEN,False,False,False
v4:BSTALE-012,browser-currentness,Concepts/chat-assistant-concepts/5.6 Pro/reports/CORRECTION_V4_TRACEABILITY.json#BSTALE-012,PM_Assistant_v2_Additive_Correction_v4/machine/correction_requirements.json#BSTALE-012,,full_wording_in_companion_source_freeze_not_replaced_by_audit_summary,Resolve original-generation element,Reject obsolete selection after rerender,G035,FULL_CLAUSE_OUTCOME_PROOF_OPEN,False,False,False
v4:FOLDER-001,folders,Concepts/chat-assistant-concepts/5.6 Pro/reports/CORRECTION_V4_TRACEABILITY.json#FOLDER-001,PM_Assistant_v2_Additive_Correction_v4/machine/correction_requirements.json#FOLDER-001,,full_wording_in_companion_source_freeze_not_replaced_by_audit_summary,Bounded folder manifest/exclusions,"Refuse over-limit expansion, preserve payload",—,FULL_CLAUSE_OUTCOME_PROOF_OPEN,False,False,False
v4:FOLDER-002,folders,Concepts/chat-assistant-concepts/5.6 Pro/reports/CORRECTION_V4_TRACEABILITY.json#FOLDER-002,PM_Assistant_v2_Additive_Correction_v4/machine/correction_requirements.json#FOLDER-002,,full_wording_in_companion_source_freeze_not_replaced_by_audit_summary,Bounded folder manifest/exclusions,"Refuse over-limit expansion, preserve payload",—,FULL_CLAUSE_OUTCOME_PROOF_OPEN,False,False,False
v4:FOLDER-003,folders,Concepts/chat-assistant-concepts/5.6 Pro/reports/CORRECTION_V4_TRACEABILITY.json#FOLDER-003,PM_Assistant_v2_Additive_Correction_v4/machine/correction_requirements.json#FOLDER-003,,full_wording_in_companion_source_freeze_not_replaced_by_audit_summary,Bounded folder manifest/exclusions,"Refuse over-limit expansion, preserve payload",—,FULL_CLAUSE_OUTCOME_PROOF_OPEN,False,False,False
v4:FOLDER-004,folders,Concepts/chat-assistant-concepts/5.6 Pro/reports/CORRECTION_V4_TRACEABILITY.json#FOLDER-004,PM_Assistant_v2_Additive_Correction_v4/machine/correction_requirements.json#FOLDER-004,,full_wording_in_companion_source_freeze_not_replaced_by_audit_summary,Bounded folder manifest/exclusions,"Refuse over-limit expansion, preserve payload",—,FULL_CLAUSE_OUTCOME_PROOF_OPEN,False,False,False
v4:FOLDER-005,folders,Concepts/chat-assistant-concepts/5.6 Pro/reports/CORRECTION_V4_TRACEABILITY.json#FOLDER-005,PM_Assistant_v2_Additive_Correction_v4/machine/correction_requirements.json#FOLDER-005,,full_wording_in_companion_source_freeze_not_replaced_by_audit_summary,Bounded folder manifest/exclusions,"Refuse over-limit expansion, preserve payload",—,FULL_CLAUSE_OUTCOME_PROOF_OPEN,False,False,False
v4:FOLDER-006,folders,Concepts/chat-assistant-concepts/5.6 Pro/reports/CORRECTION_V4_TRACEABILITY.json#FOLDER-006,PM_Assistant_v2_Additive_Correction_v4/machine/correction_requirements.json#FOLDER-006,,full_wording_in_companion_source_freeze_not_replaced_by_audit_summary,Bounded folder manifest/exclusions,"Refuse over-limit expansion, preserve payload",—,FULL_CLAUSE_OUTCOME_PROOF_OPEN,False,False,False
v4:FOLDER-007,folders,Concepts/chat-assistant-concepts/5.6 Pro/reports/CORRECTION_V4_TRACEABILITY.json#FOLDER-007,PM_Assistant_v2_Additive_Correction_v4/machine/correction_requirements.json#FOLDER-007,,full_wording_in_companion_source_freeze_not_replaced_by_audit_summary,Bounded folder manifest/exclusions,"Refuse over-limit expansion, preserve payload",—,FULL_CLAUSE_OUTCOME_PROOF_OPEN,False,False,False
v4:FOLDER-008,folders,Concepts/chat-assistant-concepts/5.6 Pro/reports/CORRECTION_V4_TRACEABILITY.json#FOLDER-008,PM_Assistant_v2_Additive_Correction_v4/machine/correction_requirements.json#FOLDER-008,,full_wording_in_companion_source_freeze_not_replaced_by_audit_summary,Bounded folder manifest/exclusions,"Refuse over-limit expansion, preserve payload",—,FULL_CLAUSE_OUTCOME_PROOF_OPEN,False,False,False
v4:TDG-001,todo-graph,Concepts/chat-assistant-concepts/5.6 Pro/reports/CORRECTION_V4_TRACEABILITY.json#TDG-001,PM_Assistant_v2_Additive_Correction_v4/machine/correction_requirements.json#TDG-001,,full_wording_in_companion_source_freeze_not_replaced_by_audit_summary,Explicit retain/rebind graph replacement,"Reject cycle, preserve old graph","G024,G036,G037",FULL_CLAUSE_OUTCOME_PROOF_OPEN,False,False,False
v4:TDG-002,todo-graph,Concepts/chat-assistant-concepts/5.6 Pro/reports/CORRECTION_V4_TRACEABILITY.json#TDG-002,PM_Assistant_v2_Additive_Correction_v4/machine/correction_requirements.json#TDG-002,,full_wording_in_companion_source_freeze_not_replaced_by_audit_summary,Explicit retain/rebind graph replacement,"Reject cycle, preserve old graph","G024,G036,G037",FULL_CLAUSE_OUTCOME_PROOF_OPEN,False,False,False
v4:TDG-003,todo-graph,Concepts/chat-assistant-concepts/5.6 Pro/reports/CORRECTION_V4_TRACEABILITY.json#TDG-003,PM_Assistant_v2_Additive_Correction_v4/machine/correction_requirements.json#TDG-003,,full_wording_in_companion_source_freeze_not_replaced_by_audit_summary,Explicit retain/rebind graph replacement,"Reject cycle, preserve old graph","G024,G036,G037",FULL_CLAUSE_OUTCOME_PROOF_OPEN,False,False,False
v4:TDG-004,todo-graph,Concepts/chat-assistant-concepts/5.6 Pro/reports/CORRECTION_V4_TRACEABILITY.json#TDG-004,PM_Assistant_v2_Additive_Correction_v4/machine/correction_requirements.json#TDG-004,,full_wording_in_companion_source_freeze_not_replaced_by_audit_summary,Explicit retain/rebind graph replacement,"Reject cycle, preserve old graph","G024,G036,G037",FULL_CLAUSE_OUTCOME_PROOF_OPEN,False,False,False
v4:TDG-005,todo-graph,Concepts/chat-assistant-concepts/5.6 Pro/reports/CORRECTION_V4_TRACEABILITY.json#TDG-005,PM_Assistant_v2_Additive_Correction_v4/machine/correction_requirements.json#TDG-005,,full_wording_in_companion_source_freeze_not_replaced_by_audit_summary,Explicit retain/rebind graph replacement,"Reject cycle, preserve old graph","G024,G036,G037",FULL_CLAUSE_OUTCOME_PROOF_OPEN,False,False,False
v4:TDG-006,todo-graph,Concepts/chat-assistant-concepts/5.6 Pro/reports/CORRECTION_V4_TRACEABILITY.json#TDG-006,PM_Assistant_v2_Additive_Correction_v4/machine/correction_requirements.json#TDG-006,,full_wording_in_companion_source_freeze_not_replaced_by_audit_summary,Explicit retain/rebind graph replacement,"Reject cycle, preserve old graph","G024,G036,G037",FULL_CLAUSE_OUTCOME_PROOF_OPEN,False,False,False
v4:TDG-007,todo-graph,Concepts/chat-assistant-concepts/5.6 Pro/reports/CORRECTION_V4_TRACEABILITY.json#TDG-007,PM_Assistant_v2_Additive_Correction_v4/machine/correction_requirements.json#TDG-007,,full_wording_in_companion_source_freeze_not_replaced_by_audit_summary,Explicit retain/rebind graph replacement,"Reject cycle, preserve old graph","G024,G036,G037",FULL_CLAUSE_OUTCOME_PROOF_OPEN,False,False,False
v4:TDG-008,todo-graph,Concepts/chat-assistant-concepts/5.6 Pro/reports/CORRECTION_V4_TRACEABILITY.json#TDG-008,PM_Assistant_v2_Additive_Correction_v4/machine/correction_requirements.json#TDG-008,,full_wording_in_companion_source_freeze_not_replaced_by_audit_summary,Explicit retain/rebind graph replacement,"Reject cycle, preserve old graph","G024,G036,G037",FULL_CLAUSE_OUTCOME_PROOF_OPEN,False,False,False
v4:TDG-009,todo-graph,Concepts/chat-assistant-concepts/5.6 Pro/reports/CORRECTION_V4_TRACEABILITY.json#TDG-009,PM_Assistant_v2_Additive_Correction_v4/machine/correction_requirements.json#TDG-009,,full_wording_in_companion_source_freeze_not_replaced_by_audit_summary,Explicit retain/rebind graph replacement,"Reject cycle, preserve old graph","G024,G036,G037",FULL_CLAUSE_OUTCOME_PROOF_OPEN,False,False,False
v4:TDG-010,todo-graph,Concepts/chat-assistant-concepts/5.6 Pro/reports/CORRECTION_V4_TRACEABILITY.json#TDG-010,PM_Assistant_v2_Additive_Correction_v4/machine/correction_requirements.json#TDG-010,,full_wording_in_companion_source_freeze_not_replaced_by_audit_summary,Explicit retain/rebind graph replacement,"Reject cycle, preserve old graph","G024,G036,G037",FULL_CLAUSE_OUTCOME_PROOF_OPEN,False,False,False
v4:TDG-011,todo-graph,Concepts/chat-assistant-concepts/5.6 Pro/reports/CORRECTION_V4_TRACEABILITY.json#TDG-011,PM_Assistant_v2_Additive_Correction_v4/machine/correction_requirements.json#TDG-011,,full_wording_in_companion_source_freeze_not_replaced_by_audit_summary,Explicit retain/rebind graph replacement,"Reject cycle, preserve old graph","G024,G036,G037",FULL_CLAUSE_OUTCOME_PROOF_OPEN,False,False,False
v4:TDG-012,todo-graph,Concepts/chat-assistant-concepts/5.6 Pro/reports/CORRECTION_V4_TRACEABILITY.json#TDG-012,PM_Assistant_v2_Additive_Correction_v4/machine/correction_requirements.json#TDG-012,,full_wording_in_companion_source_freeze_not_replaced_by_audit_summary,Explicit retain/rebind graph replacement,"Reject cycle, preserve old graph","G024,G036,G037",FULL_CLAUSE_OUTCOME_PROOF_OPEN,False,False,False
v4:TDG-013,todo-graph,Concepts/chat-assistant-concepts/5.6 Pro/reports/CORRECTION_V4_TRACEABILITY.json#TDG-013,PM_Assistant_v2_Additive_Correction_v4/machine/correction_requirements.json#TDG-013,,full_wording_in_companion_source_freeze_not_replaced_by_audit_summary,Explicit retain/rebind graph replacement,"Reject cycle, preserve old graph","G024,G036,G037",FULL_CLAUSE_OUTCOME_PROOF_OPEN,False,False,False
v4:TDG-014,todo-graph,Concepts/chat-assistant-concepts/5.6 Pro/reports/CORRECTION_V4_TRACEABILITY.json#TDG-014,PM_Assistant_v2_Additive_Correction_v4/machine/correction_requirements.json#TDG-014,,full_wording_in_companion_source_freeze_not_replaced_by_audit_summary,Explicit retain/rebind graph replacement,"Reject cycle, preserve old graph","G024,G036,G037",FULL_CLAUSE_OUTCOME_PROOF_OPEN,False,False,False
v4:TDG-015,todo-graph,Concepts/chat-assistant-concepts/5.6 Pro/reports/CORRECTION_V4_TRACEABILITY.json#TDG-015,PM_Assistant_v2_Additive_Correction_v4/machine/correction_requirements.json#TDG-015,,full_wording_in_companion_source_freeze_not_replaced_by_audit_summary,Explicit retain/rebind graph replacement,"Reject cycle, preserve old graph","G024,G036,G037",FULL_CLAUSE_OUTCOME_PROOF_OPEN,False,False,False
v4:TDG-016,todo-graph,Concepts/chat-assistant-concepts/5.6 Pro/reports/CORRECTION_V4_TRACEABILITY.json#TDG-016,PM_Assistant_v2_Additive_Correction_v4/machine/correction_requirements.json#TDG-016,,full_wording_in_companion_source_freeze_not_replaced_by_audit_summary,Explicit retain/rebind graph replacement,"Reject cycle, preserve old graph","G024,G036,G037",FULL_CLAUSE_OUTCOME_PROOF_OPEN,False,False,False
v4:WONV-001,wonderer-convergence,Concepts/chat-assistant-concepts/5.6 Pro/reports/CORRECTION_V4_TRACEABILITY.json#WONV-001,PM_Assistant_v2_Additive_Correction_v4/machine/correction_requirements.json#WONV-001,,full_wording_in_companion_source_freeze_not_replaced_by_audit_summary,Separate unexplored lead from agreed decisions,Deliberate include/exclude after research,—,FULL_CLAUSE_OUTCOME_PROOF_OPEN,False,False,False
v4:WONV-002,wonderer-convergence,Concepts/chat-assistant-concepts/5.6 Pro/reports/CORRECTION_V4_TRACEABILITY.json#WONV-002,PM_Assistant_v2_Additive_Correction_v4/machine/correction_requirements.json#WONV-002,,full_wording_in_companion_source_freeze_not_replaced_by_audit_summary,Separate unexplored lead from agreed decisions,Deliberate include/exclude after research,—,FULL_CLAUSE_OUTCOME_PROOF_OPEN,False,False,False
v4:WONV-003,wonderer-convergence,Concepts/chat-assistant-concepts/5.6 Pro/reports/CORRECTION_V4_TRACEABILITY.json#WONV-003,PM_Assistant_v2_Additive_Correction_v4/machine/correction_requirements.json#WONV-003,,full_wording_in_companion_source_freeze_not_replaced_by_audit_summary,Separate unexplored lead from agreed decisions,Deliberate include/exclude after research,—,FULL_CLAUSE_OUTCOME_PROOF_OPEN,False,False,False
v4:WONV-004,wonderer-convergence,Concepts/chat-assistant-concepts/5.6 Pro/reports/CORRECTION_V4_TRACEABILITY.json#WONV-004,PM_Assistant_v2_Additive_Correction_v4/machine/correction_requirements.json#WONV-004,,full_wording_in_companion_source_freeze_not_replaced_by_audit_summary,Separate unexplored lead from agreed decisions,Deliberate include/exclude after research,—,FULL_CLAUSE_OUTCOME_PROOF_OPEN,False,False,False
v4:WONV-005,wonderer-convergence,Concepts/chat-assistant-concepts/5.6 Pro/reports/CORRECTION_V4_TRACEABILITY.json#WONV-005,PM_Assistant_v2_Additive_Correction_v4/machine/correction_requirements.json#WONV-005,,full_wording_in_companion_source_freeze_not_replaced_by_audit_summary,Separate unexplored lead from agreed decisions,Deliberate include/exclude after research,—,FULL_CLAUSE_OUTCOME_PROOF_OPEN,False,False,False
v4:WONV-006,wonderer-convergence,Concepts/chat-assistant-concepts/5.6 Pro/reports/CORRECTION_V4_TRACEABILITY.json#WONV-006,PM_Assistant_v2_Additive_Correction_v4/machine/correction_requirements.json#WONV-006,,full_wording_in_companion_source_freeze_not_replaced_by_audit_summary,Separate unexplored lead from agreed decisions,Deliberate include/exclude after research,—,FULL_CLAUSE_OUTCOME_PROOF_OPEN,False,False,False
v4:WONV-007,wonderer-convergence,Concepts/chat-assistant-concepts/5.6 Pro/reports/CORRECTION_V4_TRACEABILITY.json#WONV-007,PM_Assistant_v2_Additive_Correction_v4/machine/correction_requirements.json#WONV-007,,full_wording_in_companion_source_freeze_not_replaced_by_audit_summary,Separate unexplored lead from agreed decisions,Deliberate include/exclude after research,—,FULL_CLAUSE_OUTCOME_PROOF_OPEN,False,False,False
v4:WONV-008,wonderer-convergence,Concepts/chat-assistant-concepts/5.6 Pro/reports/CORRECTION_V4_TRACEABILITY.json#WONV-008,PM_Assistant_v2_Additive_Correction_v4/machine/correction_requirements.json#WONV-008,,full_wording_in_companion_source_freeze_not_replaced_by_audit_summary,Separate unexplored lead from agreed decisions,Deliberate include/exclude after research,—,FULL_CLAUSE_OUTCOME_PROOF_OPEN,False,False,False
v4:CONCEPT-001,concept-integration,Concepts/chat-assistant-concepts/5.6 Pro/reports/CORRECTION_V4_TRACEABILITY.json#CONCEPT-001,PM_Assistant_v2_Additive_Correction_v4/machine/correction_requirements.json#CONCEPT-001,,full_wording_in_companion_source_freeze_not_replaced_by_audit_summary,Mixed transcript with default families,Step Rail Simple and refreshed surrounding panels,—,FULL_CLAUSE_OUTCOME_PROOF_OPEN,False,False,False
v4:CONCEPT-002,concept-integration,Concepts/chat-assistant-concepts/5.6 Pro/reports/CORRECTION_V4_TRACEABILITY.json#CONCEPT-002,PM_Assistant_v2_Additive_Correction_v4/machine/correction_requirements.json#CONCEPT-002,,full_wording_in_companion_source_freeze_not_replaced_by_audit_summary,Mixed transcript with default families,Step Rail Simple and refreshed surrounding panels,—,FULL_CLAUSE_OUTCOME_PROOF_OPEN,False,False,False
v4:CONCEPT-003,concept-integration,Concepts/chat-assistant-concepts/5.6 Pro/reports/CORRECTION_V4_TRACEABILITY.json#CONCEPT-003,PM_Assistant_v2_Additive_Correction_v4/machine/correction_requirements.json#CONCEPT-003,,full_wording_in_companion_source_freeze_not_replaced_by_audit_summary,Mixed transcript with default families,Step Rail Simple and refreshed surrounding panels,—,FULL_CLAUSE_OUTCOME_PROOF_OPEN,False,False,False
v4:CONCEPT-004,concept-integration,Concepts/chat-assistant-concepts/5.6 Pro/reports/CORRECTION_V4_TRACEABILITY.json#CONCEPT-004,PM_Assistant_v2_Additive_Correction_v4/machine/correction_requirements.json#CONCEPT-004,,full_wording_in_companion_source_freeze_not_replaced_by_audit_summary,Mixed transcript with default families,Step Rail Simple and refreshed surrounding panels,—,FULL_CLAUSE_OUTCOME_PROOF_OPEN,False,False,False
v4:CONCEPT-005,concept-integration,Concepts/chat-assistant-concepts/5.6 Pro/reports/CORRECTION_V4_TRACEABILITY.json#CONCEPT-005,PM_Assistant_v2_Additive_Correction_v4/machine/correction_requirements.json#CONCEPT-005,,full_wording_in_companion_source_freeze_not_replaced_by_audit_summary,Mixed transcript with default families,Step Rail Simple and refreshed surrounding panels,—,FULL_CLAUSE_OUTCOME_PROOF_OPEN,False,False,False
v4:CONCEPT-006,concept-integration,Concepts/chat-assistant-concepts/5.6 Pro/reports/CORRECTION_V4_TRACEABILITY.json#CONCEPT-006,PM_Assistant_v2_Additive_Correction_v4/machine/correction_requirements.json#CONCEPT-006,,full_wording_in_companion_source_freeze_not_replaced_by_audit_summary,Mixed transcript with default families,Step Rail Simple and refreshed surrounding panels,—,FULL_CLAUSE_OUTCOME_PROOF_OPEN,False,False,False
v4:CONCEPT-007,concept-integration,Concepts/chat-assistant-concepts/5.6 Pro/reports/CORRECTION_V4_TRACEABILITY.json#CONCEPT-007,PM_Assistant_v2_Additive_Correction_v4/machine/correction_requirements.json#CONCEPT-007,,full_wording_in_companion_source_freeze_not_replaced_by_audit_summary,Mixed transcript with default families,Step Rail Simple and refreshed surrounding panels,—,FULL_CLAUSE_OUTCOME_PROOF_OPEN,False,False,False
v4:CONCEPT-008,concept-integration,Concepts/chat-assistant-concepts/5.6 Pro/reports/CORRECTION_V4_TRACEABILITY.json#CONCEPT-008,PM_Assistant_v2_Additive_Correction_v4/machine/correction_requirements.json#CONCEPT-008,,full_wording_in_companion_source_freeze_not_replaced_by_audit_summary,Mixed transcript with default families,Step Rail Simple and refreshed surrounding panels,—,FULL_CLAUSE_OUTCOME_PROOF_OPEN,False,False,False
v4:CONCEPT-009,concept-integration,Concepts/chat-assistant-concepts/5.6 Pro/reports/CORRECTION_V4_TRACEABILITY.json#CONCEPT-009,PM_Assistant_v2_Additive_Correction_v4/machine/correction_requirements.json#CONCEPT-009,,full_wording_in_companion_source_freeze_not_replaced_by_audit_summary,Mixed transcript with default families,Step Rail Simple and refreshed surrounding panels,—,FULL_CLAUSE_OUTCOME_PROOF_OPEN,False,False,False
v4:CONCEPT-010,concept-integration,Concepts/chat-assistant-concepts/5.6 Pro/reports/CORRECTION_V4_TRACEABILITY.json#CONCEPT-010,PM_Assistant_v2_Additive_Correction_v4/machine/correction_requirements.json#CONCEPT-010,,full_wording_in_companion_source_freeze_not_replaced_by_audit_summary,Mixed transcript with default families,Step Rail Simple and refreshed surrounding panels,—,FULL_CLAUSE_OUTCOME_PROOF_OPEN,False,False,False
v4:CONCEPT-011,concept-integration,Concepts/chat-assistant-concepts/5.6 Pro/reports/CORRECTION_V4_TRACEABILITY.json#CONCEPT-011,PM_Assistant_v2_Additive_Correction_v4/machine/correction_requirements.json#CONCEPT-011,,full_wording_in_companion_source_freeze_not_replaced_by_audit_summary,Mixed transcript with default families,Step Rail Simple and refreshed surrounding panels,—,FULL_CLAUSE_OUTCOME_PROOF_OPEN,False,False,False
v4:CONCEPT-012,concept-integration,Concepts/chat-assistant-concepts/5.6 Pro/reports/CORRECTION_V4_TRACEABILITY.json#CONCEPT-012,PM_Assistant_v2_Additive_Correction_v4/machine/correction_requirements.json#CONCEPT-012,,full_wording_in_companion_source_freeze_not_replaced_by_audit_summary,Mixed transcript with default families,Step Rail Simple and refreshed surrounding panels,—,FULL_CLAUSE_OUTCOME_PROOF_OPEN,False,False,False
v4:CONCEPT-013,concept-integration,Concepts/chat-assistant-concepts/5.6 Pro/reports/CORRECTION_V4_TRACEABILITY.json#CONCEPT-013,PM_Assistant_v2_Additive_Correction_v4/machine/correction_requirements.json#CONCEPT-013,,full_wording_in_companion_source_freeze_not_replaced_by_audit_summary,Mixed transcript with default families,Step Rail Simple and refreshed surrounding panels,—,FULL_CLAUSE_OUTCOME_PROOF_OPEN,False,False,False
v4:CONCEPT-014,concept-integration,Concepts/chat-assistant-concepts/5.6 Pro/reports/CORRECTION_V4_TRACEABILITY.json#CONCEPT-014,PM_Assistant_v2_Additive_Correction_v4/machine/correction_requirements.json#CONCEPT-014,,full_wording_in_companion_source_freeze_not_replaced_by_audit_summary,Mixed transcript with default families,Step Rail Simple and refreshed surrounding panels,—,FULL_CLAUSE_OUTCOME_PROOF_OPEN,False,False,False
v4:CONCEPT-015,concept-integration,Concepts/chat-assistant-concepts/5.6 Pro/reports/CORRECTION_V4_TRACEABILITY.json#CONCEPT-015,PM_Assistant_v2_Additive_Correction_v4/machine/correction_requirements.json#CONCEPT-015,,full_wording_in_companion_source_freeze_not_replaced_by_audit_summary,Mixed transcript with default families,Step Rail Simple and refreshed surrounding panels,—,FULL_CLAUSE_OUTCOME_PROOF_OPEN,False,False,False
v4:CONCEPT-016,concept-integration,Concepts/chat-assistant-concepts/5.6 Pro/reports/CORRECTION_V4_TRACEABILITY.json#CONCEPT-016,PM_Assistant_v2_Additive_Correction_v4/machine/correction_requirements.json#CONCEPT-016,,full_wording_in_companion_source_freeze_not_replaced_by_audit_summary,Mixed transcript with default families,Step Rail Simple and refreshed surrounding panels,—,FULL_CLAUSE_OUTCOME_PROOF_OPEN,False,False,False
v4:CONCEPT-017,concept-integration,Concepts/chat-assistant-concepts/5.6 Pro/reports/CORRECTION_V4_TRACEABILITY.json#CONCEPT-017,PM_Assistant_v2_Additive_Correction_v4/machine/correction_requirements.json#CONCEPT-017,,full_wording_in_companion_source_freeze_not_replaced_by_audit_summary,Mixed transcript with default families,Step Rail Simple and refreshed surrounding panels,—,FULL_CLAUSE_OUTCOME_PROOF_OPEN,False,False,False
v4:CONCEPT-018,concept-integration,Concepts/chat-assistant-concepts/5.6 Pro/reports/CORRECTION_V4_TRACEABILITY.json#CONCEPT-018,PM_Assistant_v2_Additive_Correction_v4/machine/correction_requirements.json#CONCEPT-018,,full_wording_in_companion_source_freeze_not_replaced_by_audit_summary,Mixed transcript with default families,Step Rail Simple and refreshed surrounding panels,—,FULL_CLAUSE_OUTCOME_PROOF_OPEN,False,False,False
v4:CONCEPT-019,concept-integration,Concepts/chat-assistant-concepts/5.6 Pro/reports/CORRECTION_V4_TRACEABILITY.json#CONCEPT-019,PM_Assistant_v2_Additive_Correction_v4/machine/correction_requirements.json#CONCEPT-019,,full_wording_in_companion_source_freeze_not_replaced_by_audit_summary,Mixed transcript with default families,Step Rail Simple and refreshed surrounding panels,—,FULL_CLAUSE_OUTCOME_PROOF_OPEN,False,False,False
v4:CONCEPT-020,concept-integration,Concepts/chat-assistant-concepts/5.6 Pro/reports/CORRECTION_V4_TRACEABILITY.json#CONCEPT-020,PM_Assistant_v2_Additive_Correction_v4/machine/correction_requirements.json#CONCEPT-020,,full_wording_in_companion_source_freeze_not_replaced_by_audit_summary,Mixed transcript with default families,Step Rail Simple and refreshed surrounding panels,—,FULL_CLAUSE_OUTCOME_PROOF_OPEN,False,False,False
v4:CDRY-001,contract-proof,Concepts/chat-assistant-concepts/5.6 Pro/reports/CORRECTION_V4_TRACEABILITY.json#CDRY-001,PM_Assistant_v2_Additive_Correction_v4/machine/correction_requirements.json#CDRY-001,,full_wording_in_companion_source_freeze_not_replaced_by_audit_summary,Validate exact payload against owner,Reject stale/invalid data without success receipt,—,FULL_CLAUSE_OUTCOME_PROOF_OPEN,False,False,False
v4:CDRY-002,contract-proof,Concepts/chat-assistant-concepts/5.6 Pro/reports/CORRECTION_V4_TRACEABILITY.json#CDRY-002,PM_Assistant_v2_Additive_Correction_v4/machine/correction_requirements.json#CDRY-002,,full_wording_in_companion_source_freeze_not_replaced_by_audit_summary,Validate exact payload against owner,Reject stale/invalid data without success receipt,—,FULL_CLAUSE_OUTCOME_PROOF_OPEN,False,False,False
v4:CDRY-003,contract-proof,Concepts/chat-assistant-concepts/5.6 Pro/reports/CORRECTION_V4_TRACEABILITY.json#CDRY-003,PM_Assistant_v2_Additive_Correction_v4/machine/correction_requirements.json#CDRY-003,,full_wording_in_companion_source_freeze_not_replaced_by_audit_summary,Validate exact payload against owner,Reject stale/invalid data without success receipt,—,FULL_CLAUSE_OUTCOME_PROOF_OPEN,False,False,False
v4:CDRY-004,contract-proof,Concepts/chat-assistant-concepts/5.6 Pro/reports/CORRECTION_V4_TRACEABILITY.json#CDRY-004,PM_Assistant_v2_Additive_Correction_v4/machine/correction_requirements.json#CDRY-004,,full_wording_in_companion_source_freeze_not_replaced_by_audit_summary,Validate exact payload against owner,Reject stale/invalid data without success receipt,—,FULL_CLAUSE_OUTCOME_PROOF_OPEN,False,False,False
v4:CDRY-005,contract-proof,Concepts/chat-assistant-concepts/5.6 Pro/reports/CORRECTION_V4_TRACEABILITY.json#CDRY-005,PM_Assistant_v2_Additive_Correction_v4/machine/correction_requirements.json#CDRY-005,,full_wording_in_companion_source_freeze_not_replaced_by_audit_summary,Validate exact payload against owner,Reject stale/invalid data without success receipt,—,FULL_CLAUSE_OUTCOME_PROOF_OPEN,False,False,False
v4:CDRY-006,contract-proof,Concepts/chat-assistant-concepts/5.6 Pro/reports/CORRECTION_V4_TRACEABILITY.json#CDRY-006,PM_Assistant_v2_Additive_Correction_v4/machine/correction_requirements.json#CDRY-006,,full_wording_in_companion_source_freeze_not_replaced_by_audit_summary,Validate exact payload against owner,Reject stale/invalid data without success receipt,—,FULL_CLAUSE_OUTCOME_PROOF_OPEN,False,False,False
v4:CDRY-007,contract-proof,Concepts/chat-assistant-concepts/5.6 Pro/reports/CORRECTION_V4_TRACEABILITY.json#CDRY-007,PM_Assistant_v2_Additive_Correction_v4/machine/correction_requirements.json#CDRY-007,,full_wording_in_companion_source_freeze_not_replaced_by_audit_summary,Validate exact payload against owner,Reject stale/invalid data without success receipt,—,FULL_CLAUSE_OUTCOME_PROOF_OPEN,False,False,False
v4:CDRY-008,contract-proof,Concepts/chat-assistant-concepts/5.6 Pro/reports/CORRECTION_V4_TRACEABILITY.json#CDRY-008,PM_Assistant_v2_Additive_Correction_v4/machine/correction_requirements.json#CDRY-008,,full_wording_in_companion_source_freeze_not_replaced_by_audit_summary,Validate exact payload against owner,Reject stale/invalid data without success receipt,—,FULL_CLAUSE_OUTCOME_PROOF_OPEN,False,False,False
v4:CDRY-009,contract-proof,Concepts/chat-assistant-concepts/5.6 Pro/reports/CORRECTION_V4_TRACEABILITY.json#CDRY-009,PM_Assistant_v2_Additive_Correction_v4/machine/correction_requirements.json#CDRY-009,,full_wording_in_companion_source_freeze_not_replaced_by_audit_summary,Validate exact payload against owner,Reject stale/invalid data without success receipt,—,FULL_CLAUSE_OUTCOME_PROOF_OPEN,False,False,False
v4:CDRY-010,contract-proof,Concepts/chat-assistant-concepts/5.6 Pro/reports/CORRECTION_V4_TRACEABILITY.json#CDRY-010,PM_Assistant_v2_Additive_Correction_v4/machine/correction_requirements.json#CDRY-010,,full_wording_in_companion_source_freeze_not_replaced_by_audit_summary,Validate exact payload against owner,Reject stale/invalid data without success receipt,—,FULL_CLAUSE_OUTCOME_PROOF_OPEN,False,False,False
v4:CDRY-011,contract-proof,Concepts/chat-assistant-concepts/5.6 Pro/reports/CORRECTION_V4_TRACEABILITY.json#CDRY-011,PM_Assistant_v2_Additive_Correction_v4/machine/correction_requirements.json#CDRY-011,,full_wording_in_companion_source_freeze_not_replaced_by_audit_summary,Validate exact payload against owner,Reject stale/invalid data without success receipt,—,FULL_CLAUSE_OUTCOME_PROOF_OPEN,False,False,False
v4:CDRY-012,contract-proof,Concepts/chat-assistant-concepts/5.6 Pro/reports/CORRECTION_V4_TRACEABILITY.json#CDRY-012,PM_Assistant_v2_Additive_Correction_v4/machine/correction_requirements.json#CDRY-012,,full_wording_in_companion_source_freeze_not_replaced_by_audit_summary,Validate exact payload against owner,Reject stale/invalid data without success receipt,—,FULL_CLAUSE_OUTCOME_PROOF_OPEN,False,False,False
v4:CDRY-013,contract-proof,Concepts/chat-assistant-concepts/5.6 Pro/reports/CORRECTION_V4_TRACEABILITY.json#CDRY-013,PM_Assistant_v2_Additive_Correction_v4/machine/correction_requirements.json#CDRY-013,,full_wording_in_companion_source_freeze_not_replaced_by_audit_summary,Validate exact payload against owner,Reject stale/invalid data without success receipt,—,FULL_CLAUSE_OUTCOME_PROOF_OPEN,False,False,False
v4:CDRY-014,contract-proof,Concepts/chat-assistant-concepts/5.6 Pro/reports/CORRECTION_V4_TRACEABILITY.json#CDRY-014,PM_Assistant_v2_Additive_Correction_v4/machine/correction_requirements.json#CDRY-014,,full_wording_in_companion_source_freeze_not_replaced_by_audit_summary,Validate exact payload against owner,Reject stale/invalid data without success receipt,—,FULL_CLAUSE_OUTCOME_PROOF_OPEN,False,False,False
v4:CDRY-015,contract-proof,Concepts/chat-assistant-concepts/5.6 Pro/reports/CORRECTION_V4_TRACEABILITY.json#CDRY-015,PM_Assistant_v2_Additive_Correction_v4/machine/correction_requirements.json#CDRY-015,,full_wording_in_companion_source_freeze_not_replaced_by_audit_summary,Validate exact payload against owner,Reject stale/invalid data without success receipt,—,FULL_CLAUSE_OUTCOME_PROOF_OPEN,False,False,False
v4:CDRY-016,contract-proof,Concepts/chat-assistant-concepts/5.6 Pro/reports/CORRECTION_V4_TRACEABILITY.json#CDRY-016,PM_Assistant_v2_Additive_Correction_v4/machine/correction_requirements.json#CDRY-016,,full_wording_in_companion_source_freeze_not_replaced_by_audit_summary,Validate exact payload against owner,Reject stale/invalid data without success receipt,—,FULL_CLAUSE_OUTCOME_PROOF_OPEN,False,False,False
v4:CDRY-017,contract-proof,Concepts/chat-assistant-concepts/5.6 Pro/reports/CORRECTION_V4_TRACEABILITY.json#CDRY-017,PM_Assistant_v2_Additive_Correction_v4/machine/correction_requirements.json#CDRY-017,,full_wording_in_companion_source_freeze_not_replaced_by_audit_summary,Validate exact payload against owner,Reject stale/invalid data without success receipt,—,FULL_CLAUSE_OUTCOME_PROOF_OPEN,False,False,False
v4:CDRY-018,contract-proof,Concepts/chat-assistant-concepts/5.6 Pro/reports/CORRECTION_V4_TRACEABILITY.json#CDRY-018,PM_Assistant_v2_Additive_Correction_v4/machine/correction_requirements.json#CDRY-018,,full_wording_in_companion_source_freeze_not_replaced_by_audit_summary,Validate exact payload against owner,Reject stale/invalid data without success receipt,—,FULL_CLAUSE_OUTCOME_PROOF_OPEN,False,False,False
v4:CDRY-019,contract-proof,Concepts/chat-assistant-concepts/5.6 Pro/reports/CORRECTION_V4_TRACEABILITY.json#CDRY-019,PM_Assistant_v2_Additive_Correction_v4/machine/correction_requirements.json#CDRY-019,,full_wording_in_companion_source_freeze_not_replaced_by_audit_summary,Validate exact payload against owner,Reject stale/invalid data without success receipt,—,FULL_CLAUSE_OUTCOME_PROOF_OPEN,False,False,False
v4:CDRY-020,contract-proof,Concepts/chat-assistant-concepts/5.6 Pro/reports/CORRECTION_V4_TRACEABILITY.json#CDRY-020,PM_Assistant_v2_Additive_Correction_v4/machine/correction_requirements.json#CDRY-020,,full_wording_in_companion_source_freeze_not_replaced_by_audit_summary,Validate exact payload against owner,Reject stale/invalid data without success receipt,—,FULL_CLAUSE_OUTCOME_PROOF_OPEN,False,False,False
v3:APR-001,activity-panels,Plans/.audits/assistant-settings-v3/REQUIREMENT_CLOSURE.csv#APR-001,PM_Assistant_Plans_Repair_Packet_v3/REQUIREMENTS.csv#APR-001,,full_wording_in_companion_source_freeze_not_replaced_by_audit_summary,Open selected record pinned left,"Unpin, select another record, restore pinned default","G024,G025,G045,G046,G048",FULL_CLAUSE_OUTCOME_PROOF_OPEN,False,False,False
v3:APR-002,assistant-layout,Plans/.audits/assistant-settings-v3/REQUIREMENT_CLOSURE.csv#APR-002,PM_Assistant_Plans_Repair_Packet_v3/REQUIREMENTS.csv#APR-002,,full_wording_in_companion_source_freeze_not_replaced_by_audit_summary,Pinned History and Activity coexist,"Open document, resize, return to chat",—,FULL_CLAUSE_OUTCOME_PROOF_OPEN,False,False,False
v3:APR-003,assistant-layout,Plans/.audits/assistant-settings-v3/REQUIREMENT_CLOSURE.csv#APR-003,PM_Assistant_Plans_Repair_Packet_v3/REQUIREMENTS.csv#APR-003,,full_wording_in_companion_source_freeze_not_replaced_by_audit_summary,Pinned History and Activity coexist,"Open document, resize, return to chat",—,FULL_CLAUSE_OUTCOME_PROOF_OPEN,False,False,False
v3:APR-004,activity-bar,Plans/.audits/assistant-settings-v3/REQUIREMENT_CLOSURE.csv#APR-004,PM_Assistant_Plans_Repair_Packet_v3/REQUIREMENTS.csv#APR-004,,full_wording_in_companion_source_freeze_not_replaced_by_audit_summary,Read final transcript above floating bar,Verify transparent side/bottom gutters with mixed content,—,FULL_CLAUSE_OUTCOME_PROOF_OPEN,False,False,False
v3:APR-005,activity-hover,Plans/.audits/assistant-settings-v3/REQUIREMENT_CLOSURE.csv#APR-005,PM_Assistant_Plans_Repair_Packet_v3/REQUIREMENTS.csv#APR-005,,full_wording_in_companion_source_freeze_not_replaced_by_audit_summary,Select exact record from short preview,"Dense bounded preview, no scroll or extra Open button","G024,G025",FULL_CLAUSE_OUTCOME_PROOF_OPEN,False,False,False
v3:APR-006,activity-hover,Plans/.audits/assistant-settings-v3/REQUIREMENT_CLOSURE.csv#APR-006,PM_Assistant_Plans_Repair_Packet_v3/REQUIREMENTS.csv#APR-006,,full_wording_in_companion_source_freeze_not_replaced_by_audit_summary,Select exact record from short preview,"Dense bounded preview, no scroll or extra Open button","G024,G025",FULL_CLAUSE_OUTCOME_PROOF_OPEN,False,False,False
v3:APR-007,activity-hover,Plans/.audits/assistant-settings-v3/REQUIREMENT_CLOSURE.csv#APR-007,PM_Assistant_Plans_Repair_Packet_v3/REQUIREMENTS.csv#APR-007,,full_wording_in_companion_source_freeze_not_replaced_by_audit_summary,Select exact record from short preview,"Dense bounded preview, no scroll or extra Open button","G024,G025",FULL_CLAUSE_OUTCOME_PROOF_OPEN,False,False,False
v3:APR-008,todos,Plans/.audits/assistant-settings-v3/REQUIREMENT_CLOSURE.csv#APR-008,PM_Assistant_Plans_Repair_Packet_v3/REQUIREMENTS.csv#APR-008,,full_wording_in_companion_source_freeze_not_replaced_by_audit_summary,Complete independent leaves out of order,Refuse bulk/provider completion,"G024,G036,G037",FULL_CLAUSE_OUTCOME_PROOF_OPEN,False,False,False
v3:APR-009,context-details,Plans/.audits/assistant-settings-v3/REQUIREMENT_CLOSURE.csv#APR-009,PM_Assistant_Plans_Repair_Packet_v3/REQUIREMENTS.csv#APR-009,,full_wording_in_companion_source_freeze_not_replaced_by_audit_summary,Inspect compact usage/BSD state,Expand provenance without duplicate BSD/side stripes,—,FULL_CLAUSE_OUTCOME_PROOF_OPEN,False,False,False
v3:APR-010,composer,Plans/.audits/assistant-settings-v3/REQUIREMENT_CLOSURE.csv#APR-010,PM_Assistant_Plans_Repair_Packet_v3/REQUIREMENTS.csv#APR-010,,full_wording_in_companion_source_freeze_not_replaced_by_audit_summary,Switch threads with unsent content,Retarget without losing attachments,"G102,G109,G120,G121",FULL_CLAUSE_OUTCOME_PROOF_OPEN,False,False,False
v3:APR-011,transcript-records,Plans/.audits/assistant-settings-v3/REQUIREMENT_CLOSURE.csv#APR-011,PM_Assistant_Plans_Repair_Packet_v3/REQUIREMENTS.csv#APR-011,,full_wording_in_companion_source_freeze_not_replaced_by_audit_summary,Open actual file/hunk,Open typed Artifact without title-based inference,"G021,G022,G025,G124",FULL_CLAUSE_OUTCOME_PROOF_OPEN,False,False,False
v3:APR-012,working-activity,Plans/.audits/assistant-settings-v3/REQUIREMENT_CLOSURE.csv#APR-012,PM_Assistant_Plans_Repair_Packet_v3/REQUIREMENTS.csv#APR-012,,full_wording_in_companion_source_freeze_not_replaced_by_audit_summary,Default Orbit sequence,Step Rail Simple without duplicate resets,"G026,G027,G038-G044,G049-G062",FULL_CLAUSE_OUTCOME_PROOF_OPEN,False,False,False
v3:APR-013,wand,Plans/.audits/assistant-settings-v3/REQUIREMENT_CLOSURE.csv#APR-013,PM_Assistant_Plans_Repair_Packet_v3/REQUIREMENTS.csv#APR-013,,full_wording_in_companion_source_freeze_not_replaced_by_audit_summary,Product submenu navigation/dismissal,Demo launch occurs only in Gallery,—,FULL_CLAUSE_OUTCOME_PROOF_OPEN,False,False,False
v3:APR-014,demo-gallery,Plans/.audits/assistant-settings-v3/REQUIREMENT_CLOSURE.csv#APR-014,PM_Assistant_Plans_Repair_Packet_v3/REQUIREMENTS.csv#APR-014,,full_wording_in_companion_source_freeze_not_replaced_by_audit_summary,Full primary workflow outcome,Substantively different workflow of same feature,—,FULL_CLAUSE_OUTCOME_PROOF_OPEN,False,False,False
v3:APR-015,audit-process,Plans/.audits/assistant-settings-v3/REQUIREMENT_CLOSURE.csv#APR-015,PM_Assistant_Plans_Repair_Packet_v3/REQUIREMENTS.csv#APR-015,,full_wording_in_companion_source_freeze_not_replaced_by_audit_summary,Reproduce claim on final bytes,Test a counterexample without weakening criteria,—,FULL_CLAUSE_OUTCOME_PROOF_OPEN,False,False,False
v3:APR-016,demo-gallery,Plans/.audits/assistant-settings-v3/REQUIREMENT_CLOSURE.csv#APR-016,PM_Assistant_Plans_Repair_Packet_v3/REQUIREMENTS.csv#APR-016,,full_wording_in_companion_source_freeze_not_replaced_by_audit_summary,Full primary workflow outcome,Substantively different workflow of same feature,—,FULL_CLAUSE_OUTCOME_PROOF_OPEN,False,False,False
v3:APR-017,working-activity,Plans/.audits/assistant-settings-v3/REQUIREMENT_CLOSURE.csv#APR-017,PM_Assistant_Plans_Repair_Packet_v3/REQUIREMENTS.csv#APR-017,,full_wording_in_companion_source_freeze_not_replaced_by_audit_summary,Default Orbit sequence,Step Rail Simple without duplicate resets,"G026,G027,G038-G044,G049-G062",FULL_CLAUSE_OUTCOME_PROOF_OPEN,False,False,False
v3:APR-018,motion-evidence,Plans/.audits/assistant-settings-v3/REQUIREMENT_CLOSURE.csv#APR-018,PM_Assistant_Plans_Repair_Packet_v3/REQUIREMENTS.csv#APR-018,,full_wording_in_companion_source_freeze_not_replaced_by_audit_summary,Record full scenario at target cadence,Inspect all frame intervals with lineage,—,SEPARATE_MEDIA_OBLIGATION_NOT_EXECUTED,False,False,False
v3:APR-019,scheduling,Plans/.audits/assistant-settings-v3/REQUIREMENT_CLOSURE.csv#APR-019,PM_Assistant_Plans_Repair_Packet_v3/REQUIREMENTS.csv#APR-019,,full_wording_in_companion_source_freeze_not_replaced_by_audit_summary,Create/edit future dispatch,Cancel before delivery,G001-G009,FULL_CLAUSE_OUTCOME_PROOF_OPEN,False,False,False
v3:APR-020,reset-lifecycle,Plans/.audits/assistant-settings-v3/REQUIREMENT_CLOSURE.csv#APR-020,PM_Assistant_Plans_Repair_Packet_v3/REQUIREMENTS.csv#APR-020,,full_wording_in_companion_source_freeze_not_replaced_by_audit_summary,Reset delayed title generation,Each working reset owner executes once,"G032,G043",FULL_CLAUSE_OUTCOME_PROOF_OPEN,False,False,False
v3:APR-021,collaboration,Plans/.audits/assistant-settings-v3/REQUIREMENT_CLOSURE.csv#APR-021,PM_Assistant_Plans_Repair_Packet_v3/REQUIREMENTS.csv#APR-021,,full_wording_in_companion_source_freeze_not_replaced_by_audit_summary,Cancel detached draft,Commit workflow with attributable participants,"G012,G014-G016,G048",FULL_CLAUSE_OUTCOME_PROOF_OPEN,False,False,False
v3:APR-022,authority,Plans/.audits/assistant-settings-v3/REQUIREMENT_CLOSURE.csv#APR-022,PM_Assistant_Plans_Repair_Packet_v3/REQUIREMENTS.csv#APR-022,,full_wording_in_companion_source_freeze_not_replaced_by_audit_summary,Compare source and generated outputs,Separate concept checks from runtime certification,—,FULL_CLAUSE_OUTCOME_PROOF_OPEN,False,False,False
v3:APR-023,commands-governance,Plans/.audits/assistant-settings-v3/REQUIREMENT_CLOSURE.csv#APR-023,PM_Assistant_Plans_Repair_Packet_v3/REQUIREMENTS.csv#APR-023,,full_wording_in_companion_source_freeze_not_replaced_by_audit_summary,Trace canonical command reuse,Validate derived currentness separately,—,FULL_CLAUSE_OUTCOME_PROOF_OPEN,False,False,False
v3:APR-024,commands-governance,Plans/.audits/assistant-settings-v3/REQUIREMENT_CLOSURE.csv#APR-024,PM_Assistant_Plans_Repair_Packet_v3/REQUIREMENTS.csv#APR-024,,full_wording_in_companion_source_freeze_not_replaced_by_audit_summary,Trace canonical command reuse,Validate derived currentness separately,—,FULL_CLAUSE_OUTCOME_PROOF_OPEN,False,False,False
v3:APR-025,commands-governance,Plans/.audits/assistant-settings-v3/REQUIREMENT_CLOSURE.csv#APR-025,PM_Assistant_Plans_Repair_Packet_v3/REQUIREMENTS.csv#APR-025,,full_wording_in_companion_source_freeze_not_replaced_by_audit_summary,Trace canonical command reuse,Validate derived currentness separately,—,FULL_CLAUSE_OUTCOME_PROOF_OPEN,False,False,False
v3:APR-026,delivery,Plans/.audits/assistant-settings-v3/REQUIREMENT_CLOSURE.csv#APR-026,PM_Assistant_Plans_Repair_Packet_v3/REQUIREMENTS.csv#APR-026,,full_wording_in_companion_source_freeze_not_replaced_by_audit_summary,Extract and rebuild Assistant outputs,Rebuild generated Settings from source,—,FULL_CLAUSE_OUTCOME_PROOF_OPEN,False,False,False
v3:APR-027,scheduling,Plans/.audits/assistant-settings-v3/REQUIREMENT_CLOSURE.csv#APR-027,PM_Assistant_Plans_Repair_Packet_v3/REQUIREMENTS.csv#APR-027,,full_wording_in_companion_source_freeze_not_replaced_by_audit_summary,Create/edit future dispatch,Cancel before delivery,G001-G009,FULL_CLAUSE_OUTCOME_PROOF_OPEN,False,False,False
v3:APR-028,bsd,Plans/.audits/assistant-settings-v3/REQUIREMENT_CLOSURE.csv#APR-028,PM_Assistant_Plans_Repair_Packet_v3/REQUIREMENTS.csv#APR-028,,full_wording_in_companion_source_freeze_not_replaced_by_audit_summary,Configure identity and stage bindings,Reconfirm held finding against newer generation,"G010,G011,G087-G091",FULL_CLAUSE_OUTCOME_PROOF_OPEN,False,False,False
v3:APR-029,collaboration-pickers,Plans/.audits/assistant-settings-v3/REQUIREMENT_CLOSURE.csv#APR-029,PM_Assistant_Plans_Repair_Packet_v3/REQUIREMENTS.csv#APR-029,,full_wording_in_companion_source_freeze_not_replaced_by_audit_summary,Select participant identity without changing primary,"Cancel participant picker, then change primary route","G010,G012-G016",FULL_CLAUSE_OUTCOME_PROOF_OPEN,False,False,False
v3:APR-030,context-lens,Plans/.audits/assistant-settings-v3/REQUIREMENT_CLOSURE.csv#APR-030,PM_Assistant_Plans_Repair_Packet_v3/REQUIREMENTS.csv#APR-030,,full_wording_in_companion_source_freeze_not_replaced_by_audit_summary,Focus or mute selected region,Preview then apply/cancel Subcompact in flow,"G017,G018,G092-G096",FULL_CLAUSE_OUTCOME_PROOF_OPEN,False,False,False
v3:APR-031,activity-bar,Plans/.audits/assistant-settings-v3/REQUIREMENT_CLOSURE.csv#APR-031,PM_Assistant_Plans_Repair_Packet_v3/REQUIREMENTS.csv#APR-031,,full_wording_in_companion_source_freeze_not_replaced_by_audit_summary,Read final transcript above floating bar,Verify transparent side/bottom gutters with mixed content,—,FULL_CLAUSE_OUTCOME_PROOF_OPEN,False,False,False
v3:APR-032,assistant-layout,Plans/.audits/assistant-settings-v3/REQUIREMENT_CLOSURE.csv#APR-032,PM_Assistant_Plans_Repair_Packet_v3/REQUIREMENTS.csv#APR-032,,full_wording_in_companion_source_freeze_not_replaced_by_audit_summary,Pinned History and Activity coexist,"Open document, resize, return to chat",—,FULL_CLAUSE_OUTCOME_PROOF_OPEN,False,False,False
v3:APR-033,goal,Plans/.audits/assistant-settings-v3/REQUIREMENT_CLOSURE.csv#APR-033,PM_Assistant_Plans_Repair_Packet_v3/REQUIREMENTS.csv#APR-033,,full_wording_in_companion_source_freeze_not_replaced_by_audit_summary,Pause/resume unfinished objective,Cancel with continuation fenced,G098-G100,FULL_CLAUSE_OUTCOME_PROOF_OPEN,False,False,False
v3:APR-034,assistant-layout,Plans/.audits/assistant-settings-v3/REQUIREMENT_CLOSURE.csv#APR-034,PM_Assistant_Plans_Repair_Packet_v3/REQUIREMENTS.csv#APR-034,,full_wording_in_companion_source_freeze_not_replaced_by_audit_summary,Pinned History and Activity coexist,"Open document, resize, return to chat",—,FULL_CLAUSE_OUTCOME_PROOF_OPEN,False,False,False
v3:APR-035,title-spellcheck,Plans/.audits/assistant-settings-v3/REQUIREMENT_CLOSURE.csv#APR-035,PM_Assistant_Plans_Repair_Packet_v3/REQUIREMENTS.csv#APR-035,,full_wording_in_companion_source_freeze_not_replaced_by_audit_summary,Manual rename races pending generated title,Passive prose correction with identifier exclusions,G032,FULL_CLAUSE_OUTCOME_PROOF_OPEN,False,False,False
v3:APR-036,plan-tabs,Plans/.audits/assistant-settings-v3/REQUIREMENT_CLOSURE.csv#APR-036,PM_Assistant_Plans_Repair_Packet_v3/REQUIREMENTS.csv#APR-036,,full_wording_in_companion_source_freeze_not_replaced_by_audit_summary,"Open repeatedly, reuse tab",Invoke owner-backed control from tab,"G019,G020",FULL_CLAUSE_OUTCOME_PROOF_OPEN,False,False,False
v3:APR-037,plan-tabs,Plans/.audits/assistant-settings-v3/REQUIREMENT_CLOSURE.csv#APR-037,PM_Assistant_Plans_Repair_Packet_v3/REQUIREMENTS.csv#APR-037,,full_wording_in_companion_source_freeze_not_replaced_by_audit_summary,"Open repeatedly, reuse tab",Invoke owner-backed control from tab,"G019,G020",FULL_CLAUSE_OUTCOME_PROOF_OPEN,False,False,False
v3:APR-038,assistant-layout,Plans/.audits/assistant-settings-v3/REQUIREMENT_CLOSURE.csv#APR-038,PM_Assistant_Plans_Repair_Packet_v3/REQUIREMENTS.csv#APR-038,,full_wording_in_companion_source_freeze_not_replaced_by_audit_summary,Pinned History and Activity coexist,"Open document, resize, return to chat",—,FULL_CLAUSE_OUTCOME_PROOF_OPEN,False,False,False
v3:APR-039,transcript-records,Plans/.audits/assistant-settings-v3/REQUIREMENT_CLOSURE.csv#APR-039,PM_Assistant_Plans_Repair_Packet_v3/REQUIREMENTS.csv#APR-039,,full_wording_in_companion_source_freeze_not_replaced_by_audit_summary,Open actual file/hunk,Open typed Artifact without title-based inference,"G021,G022,G025,G124",FULL_CLAUSE_OUTCOME_PROOF_OPEN,False,False,False
v3:APR-040,transcript-records,Plans/.audits/assistant-settings-v3/REQUIREMENT_CLOSURE.csv#APR-040,PM_Assistant_Plans_Repair_Packet_v3/REQUIREMENTS.csv#APR-040,,full_wording_in_companion_source_freeze_not_replaced_by_audit_summary,Open actual file/hunk,Open typed Artifact without title-based inference,"G021,G022,G025,G124",FULL_CLAUSE_OUTCOME_PROOF_OPEN,False,False,False
v3:APR-041,transcript-records,Plans/.audits/assistant-settings-v3/REQUIREMENT_CLOSURE.csv#APR-041,PM_Assistant_Plans_Repair_Packet_v3/REQUIREMENTS.csv#APR-041,,full_wording_in_companion_source_freeze_not_replaced_by_audit_summary,Open actual file/hunk,Open typed Artifact without title-based inference,"G021,G022,G025,G124",FULL_CLAUSE_OUTCOME_PROOF_OPEN,False,False,False
v3:APR-042,activity-panels,Plans/.audits/assistant-settings-v3/REQUIREMENT_CLOSURE.csv#APR-042,PM_Assistant_Plans_Repair_Packet_v3/REQUIREMENTS.csv#APR-042,,full_wording_in_companion_source_freeze_not_replaced_by_audit_summary,Open selected record pinned left,"Unpin, select another record, restore pinned default","G024,G025,G045,G046,G048",FULL_CLAUSE_OUTCOME_PROOF_OPEN,False,False,False
v3:APR-043,scheduled-message,Plans/.audits/assistant-settings-v3/REQUIREMENT_CLOSURE.csv#APR-043,PM_Assistant_Plans_Repair_Packet_v3/REQUIREMENTS.csv#APR-043,,full_wording_in_companion_source_freeze_not_replaced_by_audit_summary,Edit pending message in place,Cancel and refuse registered dispatch,"G003,G004,G007",FULL_CLAUSE_OUTCOME_PROOF_OPEN,False,False,False
v3:APR-044,settings-persistence,Plans/.audits/assistant-settings-v3/REQUIREMENT_CLOSURE.csv#APR-044,PM_Assistant_Plans_Repair_Packet_v3/REQUIREMENTS.csv#APR-044,,full_wording_in_companion_source_freeze_not_replaced_by_audit_summary,Save/reload project-bound values,Reject stale/failed writes without false saved state,—,FULL_CLAUSE_OUTCOME_PROOF_OPEN,False,False,False
v3:APR-045,settings-build,Plans/.audits/assistant-settings-v3/REQUIREMENT_CLOSURE.csv#APR-045,PM_Assistant_Plans_Repair_Packet_v3/REQUIREMENTS.csv#APR-045,,full_wording_in_companion_source_freeze_not_replaced_by_audit_summary,Regenerate from immutable checkpoint,Verify preserved non-Settings scripts,—,FULL_CLAUSE_OUTCOME_PROOF_OPEN,False,False,False
v3:APR-046,working-activity,Plans/.audits/assistant-settings-v3/REQUIREMENT_CLOSURE.csv#APR-046,PM_Assistant_Plans_Repair_Packet_v3/REQUIREMENTS.csv#APR-046,,full_wording_in_companion_source_freeze_not_replaced_by_audit_summary,Default Orbit sequence,Step Rail Simple without duplicate resets,"G026,G027,G038-G044,G049-G062",FULL_CLAUSE_OUTCOME_PROOF_OPEN,False,False,False
v3:APR-047,settings-managers,Plans/.audits/assistant-settings-v3/REQUIREMENT_CLOSURE.csv#APR-047,PM_Assistant_Plans_Repair_Packet_v3/REQUIREMENTS.csv#APR-047,,full_wording_in_companion_source_freeze_not_replaced_by_audit_summary,Section navigation retains opened manager,Aligned narrow controls across full registry,—,FULL_CLAUSE_OUTCOME_PROOF_OPEN,False,False,False
v3:APR-048,settings-managers,Plans/.audits/assistant-settings-v3/REQUIREMENT_CLOSURE.csv#APR-048,PM_Assistant_Plans_Repair_Packet_v3/REQUIREMENTS.csv#APR-048,,full_wording_in_companion_source_freeze_not_replaced_by_audit_summary,Section navigation retains opened manager,Aligned narrow controls across full registry,—,FULL_CLAUSE_OUTCOME_PROOF_OPEN,False,False,False
v3:APR-049,authority,Plans/.audits/assistant-settings-v3/REQUIREMENT_CLOSURE.csv#APR-049,PM_Assistant_Plans_Repair_Packet_v3/REQUIREMENTS.csv#APR-049,,full_wording_in_companion_source_freeze_not_replaced_by_audit_summary,Compare source and generated outputs,Separate concept checks from runtime certification,—,FULL_CLAUSE_OUTCOME_PROOF_OPEN,False,False,False
v3:APR-050,reset-lifecycle,Plans/.audits/assistant-settings-v3/REQUIREMENT_CLOSURE.csv#APR-050,PM_Assistant_Plans_Repair_Packet_v3/REQUIREMENTS.csv#APR-050,,full_wording_in_companion_source_freeze_not_replaced_by_audit_summary,Reset delayed title generation,Each working reset owner executes once,"G032,G043",FULL_CLAUSE_OUTCOME_PROOF_OPEN,False,False,False
v3:APR-051,collaboration-pickers,Plans/.audits/assistant-settings-v3/REQUIREMENT_CLOSURE.csv#APR-051,PM_Assistant_Plans_Repair_Packet_v3/REQUIREMENTS.csv#APR-051,,full_wording_in_companion_source_freeze_not_replaced_by_audit_summary,Select participant identity without changing primary,"Cancel participant picker, then change primary route","G010,G012-G016",FULL_CLAUSE_OUTCOME_PROOF_OPEN,False,False,False
v3:APR-052,collaboration-options,Plans/.audits/assistant-settings-v3/REQUIREMENT_CLOSURE.csv#APR-052,PM_Assistant_Plans_Repair_Packet_v3/REQUIREMENTS.csv#APR-052,,full_wording_in_companion_source_freeze_not_replaced_by_audit_summary,Choose strategy with option help,Narrow modal with inset wrapping footer,"G012,G014-G016",FULL_CLAUSE_OUTCOME_PROOF_OPEN,False,False,False
v3:APR-053,collaboration-options,Plans/.audits/assistant-settings-v3/REQUIREMENT_CLOSURE.csv#APR-053,PM_Assistant_Plans_Repair_Packet_v3/REQUIREMENTS.csv#APR-053,,full_wording_in_companion_source_freeze_not_replaced_by_audit_summary,Choose strategy with option help,Narrow modal with inset wrapping footer,"G012,G014-G016",FULL_CLAUSE_OUTCOME_PROOF_OPEN,False,False,False
v3:APR-054,review,Plans/.audits/assistant-settings-v3/REQUIREMENT_CLOSURE.csv#APR-054,PM_Assistant_Plans_Repair_Packet_v3/REQUIREMENTS.csv#APR-054,,full_wording_in_companion_source_freeze_not_replaced_by_audit_summary,Configure/cancel,"Remove to one, switch strategy without resurrection",G016,FULL_CLAUSE_OUTCOME_PROOF_OPEN,False,False,False
v3:APR-055,transcript-records,Plans/.audits/assistant-settings-v3/REQUIREMENT_CLOSURE.csv#APR-055,PM_Assistant_Plans_Repair_Packet_v3/REQUIREMENTS.csv#APR-055,,full_wording_in_companion_source_freeze_not_replaced_by_audit_summary,Open actual file/hunk,Open typed Artifact without title-based inference,"G021,G022,G025,G124",FULL_CLAUSE_OUTCOME_PROOF_OPEN,False,False,False
v3:APR-056,internal-notes,Plans/.audits/assistant-settings-v3/REQUIREMENT_CLOSURE.csv#APR-056,PM_Assistant_Plans_Repair_Packet_v3/REQUIREMENTS.csv#APR-056,,full_wording_in_companion_source_freeze_not_replaced_by_audit_summary,Hide neutral-titled internal notes,Preserve typed public records with failure wording,G023,FULL_CLAUSE_OUTCOME_PROOF_OPEN,False,False,False
v3:APR-057,history,Plans/.audits/assistant-settings-v3/REQUIREMENT_CLOSURE.csv#APR-057,PM_Assistant_Plans_Repair_Packet_v3/REQUIREMENTS.csv#APR-057,,full_wording_in_companion_source_freeze_not_replaced_by_audit_summary,Ordinary successful workflows,Explicitly labeled minority recovery examples,G101-G110,FULL_CLAUSE_OUTCOME_PROOF_OPEN,False,False,False
v3:APR-058,history,Plans/.audits/assistant-settings-v3/REQUIREMENT_CLOSURE.csv#APR-058,PM_Assistant_Plans_Repair_Packet_v3/REQUIREMENTS.csv#APR-058,,full_wording_in_companion_source_freeze_not_replaced_by_audit_summary,Ordinary successful workflows,Explicitly labeled minority recovery examples,G101-G110,FULL_CLAUSE_OUTCOME_PROOF_OPEN,False,False,False
v3:APR-059,goal-todos,Plans/.audits/assistant-settings-v3/REQUIREMENT_CLOSURE.csv#APR-059,PM_Assistant_Plans_Repair_Packet_v3/REQUIREMENTS.csv#APR-059,,full_wording_in_companion_source_freeze_not_replaced_by_audit_summary,Edit Goal without phase percentage,Complete leaves without conflating Goal lifecycle,"G024,G098,G099",FULL_CLAUSE_OUTCOME_PROOF_OPEN,False,False,False
v3:APR-060,activity-panels,Plans/.audits/assistant-settings-v3/REQUIREMENT_CLOSURE.csv#APR-060,PM_Assistant_Plans_Repair_Packet_v3/REQUIREMENTS.csv#APR-060,,full_wording_in_companion_source_freeze_not_replaced_by_audit_summary,Open selected record pinned left,"Unpin, select another record, restore pinned default","G024,G025,G045,G046,G048",FULL_CLAUSE_OUTCOME_PROOF_OPEN,False,False,False
v3:APR-061,context-details,Plans/.audits/assistant-settings-v3/REQUIREMENT_CLOSURE.csv#APR-061,PM_Assistant_Plans_Repair_Packet_v3/REQUIREMENTS.csv#APR-061,,full_wording_in_companion_source_freeze_not_replaced_by_audit_summary,Inspect compact usage/BSD state,Expand provenance without duplicate BSD/side stripes,—,FULL_CLAUSE_OUTCOME_PROOF_OPEN,False,False,False
v3:APR-062,settings-managers,Plans/.audits/assistant-settings-v3/REQUIREMENT_CLOSURE.csv#APR-062,PM_Assistant_Plans_Repair_Packet_v3/REQUIREMENTS.csv#APR-062,,full_wording_in_companion_source_freeze_not_replaced_by_audit_summary,Section navigation retains opened manager,Aligned narrow controls across full registry,—,FULL_CLAUSE_OUTCOME_PROOF_OPEN,False,False,False
v3:APR-063,settings-build,Plans/.audits/assistant-settings-v3/REQUIREMENT_CLOSURE.csv#APR-063,PM_Assistant_Plans_Repair_Packet_v3/REQUIREMENTS.csv#APR-063,,full_wording_in_companion_source_freeze_not_replaced_by_audit_summary,Regenerate from immutable checkpoint,Verify preserved non-Settings scripts,—,FULL_CLAUSE_OUTCOME_PROOF_OPEN,False,False,False
v3:APR-064,reference-evidence,Plans/.audits/assistant-settings-v3/REQUIREMENT_CLOSURE.csv#APR-064,PM_Assistant_Plans_Repair_Packet_v3/REQUIREMENTS.csv#APR-064,,full_wording_in_companion_source_freeze_not_replaced_by_audit_summary,Consecutive reference-frame traversal,Larger representative keyframes,—,SEPARATE_MEDIA_OBLIGATION_NOT_EXECUTED,False,False,False
v3:APR-065,settings-managers,Plans/.audits/assistant-settings-v3/REQUIREMENT_CLOSURE.csv#APR-065,PM_Assistant_Plans_Repair_Packet_v3/REQUIREMENTS.csv#APR-065,,full_wording_in_companion_source_freeze_not_replaced_by_audit_summary,Section navigation retains opened manager,Aligned narrow controls across full registry,—,FULL_CLAUSE_OUTCOME_PROOF_OPEN,False,False,False
v3:APR-066,assistant-layout,Plans/.audits/assistant-settings-v3/REQUIREMENT_CLOSURE.csv#APR-066,PM_Assistant_Plans_Repair_Packet_v3/REQUIREMENTS.csv#APR-066,,full_wording_in_companion_source_freeze_not_replaced_by_audit_summary,Pinned History and Activity coexist,"Open document, resize, return to chat",—,FULL_CLAUSE_OUTCOME_PROOF_OPEN,False,False,False
v3:APR-067,review,Plans/.audits/assistant-settings-v3/REQUIREMENT_CLOSURE.csv#APR-067,PM_Assistant_Plans_Repair_Packet_v3/REQUIREMENTS.csv#APR-067,,full_wording_in_companion_source_freeze_not_replaced_by_audit_summary,Configure/cancel,"Remove to one, switch strategy without resurrection",G016,FULL_CLAUSE_OUTCOME_PROOF_OPEN,False,False,False
v3:APR-068,working-activity,Plans/.audits/assistant-settings-v3/REQUIREMENT_CLOSURE.csv#APR-068,PM_Assistant_Plans_Repair_Packet_v3/REQUIREMENTS.csv#APR-068,,full_wording_in_companion_source_freeze_not_replaced_by_audit_summary,Default Orbit sequence,Step Rail Simple without duplicate resets,"G026,G027,G038-G044,G049-G062",FULL_CLAUSE_OUTCOME_PROOF_OPEN,False,False,False
v3:APR-069,authority,Plans/.audits/assistant-settings-v3/REQUIREMENT_CLOSURE.csv#APR-069,PM_Assistant_Plans_Repair_Packet_v3/REQUIREMENTS.csv#APR-069,,full_wording_in_companion_source_freeze_not_replaced_by_audit_summary,Compare source and generated outputs,Separate concept checks from runtime certification,—,FULL_CLAUSE_OUTCOME_PROOF_OPEN,False,False,False
v3:APR-070,delivery,Plans/.audits/assistant-settings-v3/REQUIREMENT_CLOSURE.csv#APR-070,PM_Assistant_Plans_Repair_Packet_v3/REQUIREMENTS.csv#APR-070,,full_wording_in_companion_source_freeze_not_replaced_by_audit_summary,Extract and rebuild Assistant outputs,Rebuild generated Settings from source,—,FULL_CLAUSE_OUTCOME_PROOF_OPEN,False,False,False
